Survived,Pclass,Sex,Age,SibSp,Parch,Fare,Embarked,Age_qt,Fare_qt,Pclass_scaled,Sex_scaled,Age_qt_scaled,SibSp_scaled,Parch_scaled,Fare_qt_scaled,Embarked_scaled
0,3,1,22.0,1,0,7.25,2,-0.6951298207741817,-1.371109957500587,1.0,1.0,0.43315207853187637,0.125,0.0,0.36814570743360975,1.0
1,1,0,38.0,1,0,71.2833,0,0.8259761252005041,1.1968574876179017,0.0,0.0,0.5794308998041521,0.125,0.0,0.6150971127131478,0.0
1,3,0,26.0,0,0,7.925,2,-0.39154994094607326,-0.6417398902624202,1.0,0.0,0.4623461705678389,0.0,0.0,0.43828637974458046,1.0
1,1,0,35.0,1,0,53.1,2,0.6634943012767216,0.9890364862071737,0.0,0.0,0.5638056570361273,0.125,0.0,0.5951117782251508,1.0
0,3,1,35.0,0,0,8.05,2,0.6634943012767216,-0.5371234195074972,1.0,1.0,0.5638056570361273,0.0,0.0,0.4483469373725304,1.0
0,3,1,29.69911764705882,0,0,8.4583,1,0.0754209895566442,-0.44623666570911386,1.0,1.0,0.5072529421593373,0.0,0.0,0.45708716171395325,0.5
0,1,1,54.0,0,0,51.8625,2,1.6342593330344206,0.9293544783208353,0.0,1.0,0.6571603408131788,0.0,0.0,0.5893723924921064,1.0
0,3,1,2.0,3,1,21.075,2,-2.0529218210912896,0.24609173299677983,1.0,1.0,0.3025785219266238,0.375,0.16666666666666666,0.5236656813522597,1.0
1,3,0,27.0,0,2,11.1333,2,-0.33785701481395763,-0.22543191421592446,1.0,0.0,0.4675096096866259,0.0,0.3333333333333333,0.4783210927660373,1.0
1,2,0,14.0,1,0,30.0708,0,-1.390659654897429,0.638283277221717,0.5,0.0,0.3662656893461075,0.125,0.0,0.561381211262582,0.0
1,3,0,4.0,1,1,16.7,2,-1.7734612670109726,0.13858315006072774,1.0,0.0,0.32945315255386226,0.125,0.16666666666666666,0.5133270005850489,1.0
1,1,0,58.0,0,0,26.55,2,1.8375261172524597,0.49692991228751277,0.0,0.0,0.6767077140108874,0.0,0.0,0.5477878099218253,1.0
0,3,1,20.0,0,0,8.05,2,-0.8728120489963159,-0.5371234195074972,1.0,1.0,0.4160650722164084,0.0,0.0,0.4483469373725304,1.0
0,3,1,39.0,1,5,31.275,2,0.8764940252602996,0.6919353083649279,1.0,1.0,0.584289009059101,0.125,0.8333333333333333,0.5665407176699173,1.0
0,3,0,14.0,0,0,7.8542,2,-1.390659654897429,-0.8654833564602948,1.0,0.0,0.3662656893461075,0.0,0.0,0.4167698439704556,1.0
1,2,0,55.0,0,0,16.0,2,1.6851220586789428,0.11020867604371598,0.5,0.0,0.6620516105986034,0.0,0.0,0.5105983381770075,1.0
0,3,1,2.0,4,1,29.125,1,-2.0529218210912896,0.5961093109897605,1.0,1.0,0.3025785219266238,0.5,0.16666666666666666,0.5573255055537766,0.5
1,2,1,29.69911764705882,0,0,13.0,2,0.0754209895566442,-0.10821183727244707,0.5,1.0,0.5072529421593373,0.0,0.0,0.4895936900036676,1.0
0,3,0,31.0,1,0,18.0,2,0.43808778981833246,0.15381512083356783,1.0,0.0,0.5421291926909031,0.125,0.0,0.5147917997571257,1.0
1,3,0,29.69911764705882,0,0,7.225,0,0.0754209895566442,-1.597203104737417,1.0,0.0,0.5072529421593373,0.0,0.0,0.3464032120058173,0.0
0,2,1,35.0,0,0,26.0,2,0.6634943012767216,0.3888396207570238,0.5,1.0,0.5638056570361273,0.0,0.0,0.5373931885097546,1.0
1,2,1,34.0,0,0,13.0,2,0.6021201112835268,-0.10821183727244707,0.5,1.0,0.5579035407552049,0.0,0.0,0.4895936900036676,1.0
1,3,0,15.0,0,0,8.0292,1,-1.345831967240049,-0.6080167076734379,1.0,0.0,0.3705765930857424,0.0,0.0,0.441529406577603,0.5
1,1,1,28.0,0,0,35.5,2,-0.2746734453469668,0.7740896873917489,0.0,1.0,0.4735857269287317,0.0,0.0,0.5744411836158962,1.0
0,3,0,8.0,3,1,21.075,2,-1.5707855701965032,0.24609173299677983,1.0,0.0,0.34894368318324626,0.375,0.16666666666666666,0.5236656813522597,1.0
1,3,0,38.0,1,5,31.3875,2,0.8259761252005041,0.7112103306664724,1.0,0.0,0.5794308998041521,0.125,0.8333333333333333,0.5683943213256838,1.0
0,3,1,29.69911764705882,0,0,7.225,0,0.0754209895566442,-1.597203104737417,1.0,1.0,0.5072529421593373,0.0,0.0,0.3464032120058173,0.0
0,1,1,19.0,3,2,263.0,2,-0.9567818903671269,2.5751369600643144,0.0,1.0,0.40799002034336385,0.375,0.3333333333333333,0.7476408695413723,1.0
1,3,0,29.69911764705882,0,0,7.8792,1,0.0754209895566442,-0.829513983831818,1.0,0.0,0.5072529421593373,0.0,0.0,0.42022887813169896,0.5
0,3,1,29.69911764705882,0,0,7.8958,2,0.0754209895566442,-0.7439382596568463,1.0,1.0,0.5072529421593373,0.0,0.0,0.42845836148554584,1.0
0,1,1,40.0,0,0,27.7208,0,0.9332296620625783,0.5342242798527256,0.0,1.0,0.5897450537859864,0.0,0.0,0.5513742636740908,0.0
1,1,0,29.69911764705882,1,0,146.5208,0,0.0754209895566442,1.8402482168504009,0.0,0.0,0.5072529421593373,0.125,0.0,0.6769694877036576,0.0
1,3,0,29.69911764705882,0,0,7.75,1,0.0754209895566442,-1.0926463628659455,1.0,0.0,0.5072529421593373,0.0,0.0,0.39492446436253315,0.5
0,2,1,66.0,0,0,10.5,2,2.4111594216554573,-0.2694607398186383,0.5,1.0,0.731871789749756,0.0,0.0,0.4740870124718861,1.0
0,1,1,28.0,1,0,82.1708,0,-0.2746734453469668,1.4039939831196382,0.0,1.0,0.4735857269287317,0.125,0.0,0.6350166209398077,0.0
0,1,1,42.0,1,0,52.0,2,1.026599226458071,0.9528198349421091,0.0,1.0,0.5987240403310208,0.125,0.0,0.5916289642426651,1.0
1,3,1,29.69911764705882,0,0,7.2292,0,0.0754209895566442,-1.4822396003571403,1.0,1.0,0.5072529421593373,0.0,0.0,0.3574588034684496,0.0
0,3,1,21.0,0,0,8.05,2,-0.7911478565359643,-0.5371234195074972,1.0,1.0,0.42391839883370597,0.0,0.0,0.4483469373725304,1.0
0,3,0,18.0,2,0,18.0,2,-1.0745748200036587,0.15381512083356783,1.0,0.0,0.39666233409834095,0.25,0.0,0.5147917997571257,1.0
1,3,0,14.0,1,0,11.2417,0,-1.390659654897429,-0.22028230201106122,1.0,0.0,0.3662656893461075,0.125,0.0,0.4788163108705553,0.0
0,3,0,40.0,1,0,9.475,2,0.9332296620625783,-0.3627540840621951,1.0,0.0,0.5897450537859864,0.125,0.0,0.46511535572134227,1.0
0,2,0,27.0,1,0,21.0,2,-0.33785701481395763,0.23058751152675497,0.5,0.0,0.4675096096866259,0.125,0.0,0.5221747008933499,1.0
0,3,1,29.69911764705882,0,0,7.8958,0,0.0754209895566442,-0.7439382596568463,1.0,1.0,0.5072529421593373,0.0,0.0,0.42845836148554584,0.0
1,2,0,3.0,1,2,41.5792,0,-1.8799107653216574,0.8618363930960032,0.5,0.0,0.3192163198209954,0.125,0.3333333333333333,0.5828794417891092,0.0
1,3,0,19.0,0,0,7.8792,1,-0.9567818903671269,-0.829513983831818,1.0,0.0,0.40799002034336385,0.0,0.0,0.42022887813169896,0.5
0,3,1,29.69911764705882,0,0,8.05,2,0.0754209895566442,-0.5371234195074972,1.0,1.0,0.5072529421593373,0.0,0.0,0.4483469373725304,1.0
0,3,1,29.69911764705882,1,0,15.5,1,0.0754209895566442,0.0703843144357313,1.0,1.0,0.5072529421593373,0.125,0.0,0.5067685847733391,0.5
1,3,0,29.69911764705882,0,0,7.75,1,0.0754209895566442,-1.0926463628659455,1.0,0.0,0.5072529421593373,0.0,0.0,0.39492446436253315,0.5
0,3,1,29.69911764705882,2,0,21.6792,0,0.0754209895566442,0.25406641891398507,1.0,1.0,0.5072529421593373,0.25,0.0,0.5244325757681761,0.0
0,3,0,18.0,1,0,17.8,2,-1.0745748200036587,0.14873400563742584,1.0,0.0,0.39666233409834095,0.125,0.0,0.5143031687425621,1.0
0,3,1,7.0,4,1,39.6875,2,-1.606261649520609,0.8401904658733902,1.0,1.0,0.3455320871135414,0.5,0.16666666666666666,0.5807978374617785,1.0
0,3,1,21.0,0,0,7.8,2,-0.7911478565359643,-0.9057014463658583,1.0,1.0,0.42391839883370597,0.0,0.0,0.4129022272533054,1.0
1,1,0,49.0,1,0,76.7292,0,1.3647084924885173,1.25793066169206,0.0,0.0,0.6312386886545315,0.125,0.0,0.6209702814681355,0.0
1,2,0,29.0,1,0,26.0,2,-0.20230363460702494,0.3888396207570238,0.5,0.0,0.4805452491360773,0.125,0.0,0.5373931885097546,1.0
0,1,1,65.0,0,1,61.9792,0,2.3255966182826127,1.1077314514255836,0.0,1.0,0.7236435489390141,0.0,0.16666666666666666,0.6065262097110374,0.0
1,1,1,29.69911764705882,0,0,35.5,2,0.0754209895566442,0.7740896873917489,0.0,1.0,0.5072529421593373,0.0,0.0,0.5744411836158962,1.0
1,2,0,21.0,0,0,10.5,2,-0.7911478565359643,-0.2694607398186383,0.5,0.0,0.42391839883370597,0.0,0.0,0.4740870124718861,1.0
0,3,1,28.5,0,0,7.2292,0,-0.23574924523258095,-1.4822396003571403,1.0,1.0,0.4773289153152908,0.0,0.0,0.3574588034684496,0.0
1,2,0,5.0,1,2,27.75,2,-1.6737060878053673,0.5487655824546473,0.5,0.0,0.3390462187492944,0.125,0.3333333333333333,0.552772643984155,1.0
0,3,1,11.0,5,2,46.9,2,-1.4527521379315984,0.883893869289034,1.0,1.0,0.3602944976272512,0.625,0.3333333333333333,0.5850006231744664,1.0
0,3,1,22.0,0,0,7.2292,0,-0.6951298207741817,-1.4822396003571403,1.0,1.0,0.43315207853187637,0.0,0.0,0.3574588034684496,0.0
1,1,0,38.0,0,0,80.0,2,0.8259761252005041,1.3775681073731048,0.0,0.0,0.5794308998041521,0.0,0.0,0.6324753476211937,1.0
0,1,1,45.0,1,0,83.475,2,1.168798140045392,1.444292447130933,0.0,1.0,0.6123987547851958,0.125,0.0,0.6388919669209703,1.0
0,3,1,4.0,3,2,27.9,2,-1.7734612670109726,0.5634238615585514,1.0,1.0,0.32945315255386226,0.375,0.3333333333333333,0.5541822734678037,1.0
0,1,1,29.69911764705882,0,0,27.7208,0,0.0754209895566442,0.5342242798527256,0.0,1.0,0.5072529421593373,0.0,0.0,0.5513742636740908,0.0
1,3,1,29.69911764705882,1,1,15.2458,0,0.0754209895566442,0.05025417621651528,1.0,1.0,0.5072529421593373,0.125,0.16666666666666666,0.5048327479576674,0.0
1,2,0,29.0,0,0,10.5,2,-0.20230363460702494,-0.2694607398186383,0.5,0.0,0.4805452491360773,0.0,0.0,0.4740870124718861,1.0
0,3,1,19.0,0,0,8.1583,2,-0.9567818903671269,-0.46240646568273824,1.0,1.0,0.40799002034336385,0.0,0.0,0.45553217516840094,1.0
1,3,0,17.0,4,2,7.925,2,-1.1788021854537036,-0.6417398902624202,1.0,0.0,0.3866391952087103,0.5,0.3333333333333333,0.43828637974458046,1.0
0,3,1,26.0,2,0,8.6625,2,-0.39154994094607326,-0.4160755651955433,1.0,1.0,0.4623461705678389,0.25,0.0,0.4599876370181719,1.0
0,2,1,32.0,0,0,10.5,2,0.4940901910401251,-0.2694607398186383,0.5,1.0,0.5475147250141573,0.0,0.0,0.4740870124718861,1.0
0,3,0,16.0,5,2,46.9,2,-1.2690904173592292,0.883893869289034,1.0,0.0,0.3779565283814268,0.625,0.3333333333333333,0.5850006231744664,1.0
0,2,1,21.0,0,0,73.5,2,-0.7911478565359643,1.2200527208659053,0.5,1.0,0.42391839883370597,0.0,0.0,0.6173277077533108,1.0
0,3,1,26.0,1,0,14.4542,0,-0.39154994094607326,-0.0050233242817423526,1.0,1.0,0.4623461705678389,0.125,0.0,0.49951692650738605,0.0
1,3,1,32.0,0,0,56.4958,2,0.4940901910401251,1.0437670357108404,1.0,1.0,0.5475147250141573,0.0,0.0,0.600375001533275,1.0
0,3,1,25.0,0,0,7.65,2,-0.45473680761048496,-1.2469254072212976,1.0,1.0,0.45626973624712763,0.0,0.0,0.38008805088651243,1.0
0,3,1,29.69911764705882,0,0,7.8958,2,0.0754209895566442,-0.7439382596568463,1.0,1.0,0.5072529421593373,0.0,0.0,0.42845836148554584,1.0
0,3,1,29.69911764705882,0,0,8.05,2,0.0754209895566442,-0.5371234195074972,1.0,1.0,0.5072529421593373,0.0,0.0,0.4483469373725304,1.0
1,2,1,0.83,0,2,29.0,2,-2.5719459183625393,0.5868365092148812,0.5,1.0,0.25266600047362514,0.0,0.3333333333333333,0.5564337764029503,1.0
1,3,0,30.0,0,0,12.475,2,0.36725763242455783,-0.1818360110890942,1.0,0.0,0.5353177329359075,0.0,0.0,0.4825135405955714,1.0
0,3,1,22.0,0,0,9.0,2,-0.6951298207741817,-0.384584697574049,1.0,1.0,0.43315207853187637,0.0,0.0,0.46301599083448797,1.0
1,3,1,29.0,0,0,9.5,2,-0.20230363460702494,-0.34851305681638917,1.0,1.0,0.4805452491360773,0.0,0.0,0.4664848597225169,1.0
1,3,0,29.69911764705882,0,0,7.7875,1,0.0754209895566442,-0.9327090039007726,1.0,0.0,0.5072529421593373,0.0,0.0,0.4103050158676652,0.5
0,1,1,28.0,0,0,47.1,2,-0.2746734453469668,0.8988955959175531,0.0,1.0,0.4735857269287317,0.0,0.0,0.5864432806659291,1.0
1,2,0,17.0,0,0,10.5,2,-1.1788021854537036,-0.2694607398186383,0.5,0.0,0.3866391952087103,0.0,0.0,0.4740870124718861,1.0
1,3,0,33.0,3,0,15.85,2,0.554614576450374,0.09811158630531855,1.0,0.0,0.5533351189055027,0.375,0.0,0.50943500827718,1.0
0,3,1,16.0,1,3,34.375,2,-1.2690904173592292,0.7505794181100831,1.0,1.0,0.3779565283814268,0.125,0.5,0.5721802927901016,1.0
0,3,1,29.69911764705882,0,0,8.05,2,0.0754209895566442,-0.5371234195074972,1.0,1.0,0.5072529421593373,0.0,0.0,0.4483469373725304,1.0
1,1,0,23.0,3,2,263.0,2,-0.6202850431124973,2.5751369600643144,0.0,0.0,0.44034960864719086,0.375,0.3333333333333333,0.7476408695413723,1.0
0,3,1,24.0,0,0,8.05,2,-0.5429353022399479,-0.5371234195074972,1.0,1.0,0.44778803129651024,0.0,0.0,0.4483469373725304,1.0
0,3,1,29.0,0,0,8.05,2,-0.20230363460702494,-0.5371234195074972,1.0,1.0,0.4805452491360773,0.0,0.0,0.4483469373725304,1.0
0,3,1,20.0,0,0,7.8542,2,-0.8728120489963159,-0.8654833564602948,1.0,1.0,0.4160650722164084,0.0,0.0,0.4167698439704556,1.0
0,1,1,46.0,1,0,61.175,2,1.2200527208659053,1.1018024839332101,0.0,1.0,0.6173277077533108,0.125,0.0,0.6059560440506894,1.0
0,3,1,26.0,1,2,20.575,2,-0.39154994094607326,0.22028230201106094,1.0,1.0,0.4623461705678389,0.125,0.3333333333333333,0.5211836891200355,1.0
0,3,1,59.0,0,0,7.25,2,1.8799107653216565,-1.371109957500587,1.0,1.0,0.6807836801695953,0.0,0.0,0.36814570743360975,1.0
0,3,1,29.69911764705882,0,0,8.05,2,0.0754209895566442,-0.5371234195074972,1.0,1.0,0.5072529421593373,0.0,0.0,0.4483469373725304,1.0
0,1,1,71.0,0,0,34.6542,0,2.7065957075613256,0.7597460786466332,0.0,1.0,0.7602827441462807,0.0,0.0,0.5730618147523542,0.0
1,1,1,23.0,0,1,63.3583,0,-0.6202850431124973,1.1137144182386216,0.0,1.0,0.44034960864719086,0.0,0.16666666666666666,0.6071015682752704,0.0
1,2,0,34.0,0,1,23.0,2,0.6021201112835268,0.2720661684984033,0.5,0.0,0.5579035407552049,0.0,0.16666666666666666,0.5261635414246925,1.0
0,2,1,34.0,1,0,26.0,2,0.6021201112835268,0.3888396207570238,0.5,1.0,0.5579035407552049,0.125,0.0,0.5373931885097546,1.0
0,3,0,28.0,0,0,7.8958,2,-0.2746734453469668,-0.7439382596568463,1.0,0.0,0.4735857269287317,0.0,0.0,0.42845836148554584,1.0
0,3,1,29.69911764705882,0,0,7.8958,2,0.0754209895566442,-0.7439382596568463,1.0,1.0,0.5072529421593373,0.0,0.0,0.42845836148554584,1.0
0,1,1,21.0,0,1,77.2875,2,-0.7911478565359643,1.2690904173592286,0.0,1.0,0.42391839883370597,0.0,0.16666666666666666,0.6220434716091641,1.0
0,3,1,33.0,0,0,8.6542,2,0.554614576450374,-0.4381662470251946,1.0,1.0,0.5533351189055027,0.0,0.0,0.45786326237635716,1.0
0,3,1,37.0,2,0,7.925,2,0.791147856535964,-0.6417398902624202,1.0,1.0,0.5760816011568849,0.25,0.0,0.43828637974458046,1.0
0,3,1,28.0,0,0,7.8958,2,-0.2746734453469668,-0.7439382596568463,1.0,1.0,0.4735857269287317,0.0,0.0,0.42845836148554584,1.0
1,3,0,21.0,0,0,7.65,2,-0.7911478565359643,-1.2469254072212976,1.0,0.0,0.42391839883370597,0.0,0.0,0.38008805088651243,1.0
1,3,1,29.69911764705882,0,0,7.775,2,0.0754209895566442,-0.9727826798554204,1.0,1.0,0.5072529421593373,0.0,0.0,0.4064512868764628,1.0
0,3,1,38.0,0,0,7.8958,2,0.8259761252005041,-0.7439382596568463,1.0,1.0,0.5794308998041521,0.0,0.0,0.42845836148554584,1.0
1,3,0,29.69911764705882,1,0,24.15,1,0.0754209895566442,0.30611243798272164,1.0,0.0,0.5072529421593373,0.125,0.0,0.5294376382632878,0.5
0,1,1,47.0,0,0,52.0,2,1.25793066169206,0.9528198349421091,0.0,1.0,0.6209702814681355,0.0,0.0,0.5916289642426651,1.0
0,3,0,14.5,1,0,14.4542,0,-1.3617233139511016,-0.0050233242817423526,1.0,0.0,0.36904838430352493,0.125,0.0,0.49951692650738605,0.0
0,3,1,22.0,0,0,8.05,2,-0.6951298207741817,-0.5371234195074972,1.0,1.0,0.43315207853187637,0.0,0.0,0.4483469373725304,1.0
0,3,0,20.0,1,0,9.825,2,-0.8728120489963159,-0.32459054780791374,1.0,0.0,0.4160650722164084,0.125,0.0,0.46878539403368413,1.0
0,3,0,17.0,0,0,14.4583,0,-1.1788021854537036,0.0075350260349673305,1.0,0.0,0.3866391952087103,0.0,0.0,0.5007246140365249,0.0
0,3,1,21.0,0,0,7.925,2,-0.7911478565359643,-0.6417398902624202,1.0,1.0,0.42391839883370597,0.0,0.0,0.43828637974458046,1.0
0,3,1,70.5,0,0,7.75,1,2.603532745645717,-1.0926463628659455,1.0,1.0,0.7503715813993727,0.0,0.0,0.39492446436253315,0.5
0,2,1,29.0,1,0,21.0,2,-0.20230363460702494,0.23058751152675497,0.5,1.0,0.4805452491360773,0.125,0.0,0.5221747008933499,1.0
0,1,1,24.0,0,1,247.5208,0,-0.5429353022399479,2.319629258371347,0.0,1.0,0.44778803129651024,0.0,0.16666666666666666,0.7230696912296037,0.0
0,3,0,2.0,4,2,31.275,2,-2.0529218210912896,0.6919353083649279,1.0,0.0,0.3025785219266238,0.5,0.3333333333333333,0.5665407176699173,1.0
0,2,1,21.0,2,0,73.5,2,-0.7911478565359643,1.2200527208659053,0.5,1.0,0.42391839883370597,0.25,0.0,0.6173277077533108,1.0
0,3,1,29.69911764705882,0,0,8.05,2,0.0754209895566442,-0.5371234195074972,1.0,1.0,0.5072529421593373,0.0,0.0,0.4483469373725304,1.0
0,2,1,32.5,1,0,30.0708,0,0.5266085214633069,0.638283277221717,0.5,1.0,0.550641885917468,0.125,0.0,0.561381211262582,0.0
1,2,0,32.5,0,0,13.0,2,0.5266085214633069,-0.10821183727244707,0.5,0.0,0.550641885917468,0.0,0.0,0.4895936900036676,1.0
0,1,1,54.0,0,1,77.2875,2,1.6342593330344206,1.2690904173592286,0.0,1.0,0.6571603408131788,0.0,0.16666666666666666,0.6220434716091641,1.0
1,3,1,12.0,1,0,11.2417,0,-1.428877996050728,-0.22028230201106122,1.0,1.0,0.36259038066055493,0.125,0.0,0.4788163108705553,0.0
0,3,1,29.69911764705882,0,0,7.75,1,0.0754209895566442,-1.0926463628659455,1.0,1.0,0.5072529421593373,0.0,0.0,0.39492446436253315,0.5
1,3,1,24.0,0,0,7.1417,2,-0.5429353022399479,-1.6799406082876995,1.0,1.0,0.44778803129651024,0.0,0.0,0.33844666925061107,1.0
1,3,0,29.69911764705882,1,1,22.3583,0,0.0754209895566442,0.2616553404546165,1.0,0.0,0.5072529421593373,0.125,0.16666666666666666,0.5251623727298073,0.0
0,3,1,45.0,0,0,6.975,2,1.168798140045392,-1.8799107653216574,1.0,1.0,0.6123987547851958,0.0,0.0,0.3192163198209954,1.0
0,3,1,33.0,0,0,7.8958,0,0.554614576450374,-0.7439382596568463,1.0,1.0,0.5533351189055027,0.0,0.0,0.42845836148554584,0.0
0,3,1,20.0,0,0,7.05,2,-0.8728120489963159,-1.7982065083616912,1.0,1.0,0.4160650722164084,0.0,0.0,0.3270734992848313,1.0
0,3,0,47.0,1,0,14.5,2,1.25793066169206,0.022606789649600032,1.0,0.0,0.6209702814681355,0.125,0.0,0.5021740067115567,1.0
1,2,0,29.0,1,0,26.0,2,-0.20230363460702494,0.3888396207570238,0.5,0.0,0.4805452491360773,0.125,0.0,0.5373931885097546,1.0
0,2,1,25.0,0,0,13.0,2,-0.45473680761048496,-0.10821183727244707,0.5,1.0,0.45626973624712763,0.0,0.0,0.4895936900036676,1.0
0,2,1,23.0,0,0,15.0458,0,-0.6202850431124973,0.037651973387979695,0.5,1.0,0.44034960864719086,0.0,0.0,0.5036208433036421,0.0
1,1,0,19.0,0,2,26.2833,2,-0.9567818903671269,0.45974416860246914,0.0,0.0,0.40799002034336385,0.0,0.3333333333333333,0.5442118021041084,1.0
0,1,1,37.0,1,0,53.1,2,0.791147856535964,0.9890364862071737,0.0,1.0,0.5760816011568849,0.125,0.0,0.5951117782251508,1.0
0,3,1,16.0,0,0,9.2167,2,-1.2690904173592292,-0.37823266202391526,1.0,1.0,0.3779565283814268,0.0,0.0,0.46362684129852827,1.0
0,1,1,24.0,0,0,79.2,0,-0.5429353022399479,1.3396451999245262,0.0,1.0,0.44778803129651024,0.0,0.0,0.6288284496418153,0.0
0,3,0,29.69911764705882,0,2,15.2458,0,0.0754209895566442,0.05025417621651528,1.0,0.0,0.5072529421593373,0.0,0.3333333333333333,0.5048327479576674,0.0
1,3,0,22.0,0,0,7.75,2,-0.6951298207741817,-1.0926463628659455,1.0,0.0,0.43315207853187637,0.0,0.0,0.39492446436253315,1.0
1,3,0,24.0,1,0,15.85,2,-0.5429353022399479,0.09811158630531855,1.0,0.0,0.44778803129651024,0.125,0.0,0.50943500827718,1.0
0,3,1,19.0,0,0,6.75,1,-0.9567818903671269,-1.9461739846033677,1.0,1.0,0.40799002034336385,0.0,0.0,0.3128440446774492,0.5
0,2,1,18.0,0,0,11.5,2,-1.0745748200036587,-0.21256877768109023,0.5,1.0,0.39666233409834095,0.0,0.0,0.4795580903960572,1.0
0,2,1,19.0,1,1,36.75,2,-0.9567818903671269,0.7842972180579082,0.5,1.0,0.40799002034336385,0.125,0.16666666666666666,0.575422801995535,1.0
1,3,1,27.0,0,0,7.7958,2,-0.33785701481395763,-0.9178117400238891,1.0,1.0,0.4675096096866259,0.0,0.0,0.4117376275840675,1.0
0,3,0,9.0,2,2,34.375,2,-1.5130753466158227,0.7505794181100831,1.0,0.0,0.35449345011636557,0.25,0.3333333333333333,0.5721802927901016,1.0
0,2,1,36.5,0,2,26.0,2,0.7794567901643131,0.3888396207570238,0.5,1.0,0.5749573169393478,0.0,0.3333333333333333,0.5373931885097546,1.0
0,2,1,42.0,0,0,13.0,2,1.026599226458071,-0.10821183727244707,0.5,1.0,0.5987240403310208,0.0,0.0,0.4895936900036676,1.0
0,2,1,51.0,0,0,12.525,2,1.4974794951902488,-0.17692829342659014,0.5,1.0,0.6440067577201629,0.0,0.0,0.48298549664617263,1.0
1,1,0,22.0,1,0,66.6,2,-0.6951298207741817,1.1346713969386866,0.0,0.0,0.43315207853187637,0.125,0.0,0.6091169191124597,1.0
0,3,1,55.5,0,0,8.05,2,1.7092503676870414,-0.5371234195074972,1.0,1.0,0.6643719358924056,0.0,0.0,0.4483469373725304,1.0
0,3,1,40.5,0,2,14.5,2,0.968759234053376,0.022606789649600032,1.0,1.0,0.5931617940366414,0.0,0.3333333333333333,0.5021740067115567,1.0
0,3,1,29.69911764705882,0,0,7.3125,2,0.0754209895566442,-1.324005647474535,1.0,1.0,0.5072529421593373,0.0,0.0,0.3726755450597717,1.0
0,1,1,51.0,0,1,61.3792,0,1.4974794951902488,1.1036746840996499,0.0,1.0,0.6440067577201629,0.0,0.16666666666666666,0.606136086232667,0.0
1,3,0,16.0,0,0,7.7333,1,-1.2690904173592292,-1.20954663539958,1.0,0.0,0.3779565283814268,0.0,0.0,0.3836826214666587,0.5
0,3,1,30.0,0,0,8.05,2,0.36725763242455783,-0.5371234195074972,1.0,1.0,0.5353177329359075,0.0,0.0,0.4483469373725304,1.0
0,3,1,29.69911764705882,0,0,8.6625,2,0.0754209895566442,-0.4160755651955433,1.0,1.0,0.5072529421593373,0.0,0.0,0.4599876370181719,1.0
0,3,1,29.69911764705882,8,2,69.55,2,0.0754209895566442,1.168798140045392,1.0,1.0,0.5072529421593373,1.0,0.3333333333333333,0.6123987547851958,1.0
0,3,1,44.0,0,1,16.1,2,1.1110819741139204,0.12338326650744524,1.0,1.0,0.6068484163993966,0.0,0.16666666666666666,0.5118652871156263,1.0
1,2,0,40.0,0,0,15.75,2,0.9332296620625783,0.08833192265213266,0.5,0.0,0.5897450537859864,0.0,0.0,0.5084945361980241,1.0
0,3,1,26.0,0,0,7.775,2,-0.39154994094607326,-0.9727826798554204,1.0,1.0,0.4623461705678389,0.0,0.0,0.4064512868764628,1.0
0,3,1,17.0,0,0,8.6625,2,-1.1788021854537036,-0.4160755651955433,1.0,1.0,0.3866391952087103,0.0,0.0,0.4599876370181719,1.0
0,3,1,1.0,4,1,39.6875,2,-2.2896073562427874,0.8401904658733902,1.0,1.0,0.27981739789987237,0.5,0.16666666666666666,0.5807978374617785,1.0
1,3,1,9.0,0,2,20.525,2,-1.5130753466158227,0.2125687776810898,1.0,1.0,0.35449345011636557,0.0,0.3333333333333333,0.5204419095945336,1.0
1,1,0,29.69911764705882,0,1,55.0,2,0.0754209895566442,1.0097287788244826,0.0,0.0,0.5072529421593373,0.0,0.16666666666666666,0.5971016752349488,1.0
0,3,0,45.0,1,4,27.9,2,1.168798140045392,0.5634238615585514,1.0,0.0,0.6123987547851958,0.125,0.6666666666666666,0.5541822734678037,1.0
0,1,1,29.69911764705882,0,0,25.925,2,0.0754209895566442,0.3401665330650639,0.0,1.0,0.5072529421593373,0.0,0.0,0.5327124876590983,1.0
0,3,1,28.0,0,0,56.4958,2,-0.2746734453469668,1.0437670357108404,1.0,1.0,0.4735857269287317,0.0,0.0,0.600375001533275,1.0
0,1,1,61.0,0,0,33.5,2,2.0132515139943474,0.7377759247254221,0.0,1.0,0.6936065394812824,0.0,0.0,0.5709490308090202,1.0
0,3,1,4.0,4,1,29.125,1,-1.7734612670109726,0.5961093109897605,1.0,1.0,0.32945315255386226,0.5,0.16666666666666666,0.5573255055537766,0.5
1,3,0,1.0,1,1,11.1333,2,-2.2896073562427874,-0.22543191421592446,1.0,0.0,0.27981739789987237,0.125,0.16666666666666666,0.4783210927660373,1.0
0,3,1,21.0,0,0,7.925,2,-0.7911478565359643,-0.6417398902624202,1.0,1.0,0.42391839883370597,0.0,0.0,0.43828637974458046,1.0
0,1,1,56.0,0,0,30.6958,0,1.7382638748356656,0.6638052327696536,0.0,1.0,0.667162051622284,0.0,0.0,0.5638355581040989,0.0
0,3,1,18.0,1,1,7.8542,2,-1.0745748200036587,-0.8654833564602948,1.0,1.0,0.39666233409834095,0.125,0.16666666666666666,0.4167698439704556,1.0
0,3,1,29.69911764705882,3,1,25.4667,2,0.0754209895566442,0.32459054780791363,1.0,1.0,0.5072529421593373,0.375,0.16666666666666666,0.5312146059569067,1.0
0,1,0,50.0,0,0,28.7125,0,1.4314384013851016,0.5803025170754494,0.0,0.0,0.6376558435166434,0.0,0.0,0.5558054278839746,0.0
0,2,1,30.0,0,0,13.0,2,0.36725763242455783,-0.10821183727244707,0.5,1.0,0.5353177329359075,0.0,0.0,0.4895936900036676,1.0
0,3,1,36.0,0,0,0.0,2,0.734037551942624,-5.199337582605575,1.0,1.0,0.5705895260910279,0.0,0.0,0.0,1.0
0,3,0,29.69911764705882,8,2,69.55,2,0.0754209895566442,1.168798140045392,1.0,0.0,0.5072529421593373,1.0,0.3333333333333333,0.6123987547851958,1.0
0,2,1,29.69911764705882,0,0,15.05,0,0.0754209895566442,0.03785684689420253,0.5,1.0,0.5072529421593373,0.0,0.0,0.5036405451890232,0.0
0,3,1,9.0,4,2,31.3875,2,-1.5130753466158227,0.7112103306664724,1.0,1.0,0.35449345011636557,0.5,0.3333333333333333,0.5683943213256838,1.0
1,2,1,1.0,2,1,39.0,2,-2.2896073562427874,0.8084394051616052,0.5,1.0,0.27981739789987237,0.25,0.16666666666666666,0.5777444618916184,1.0
1,3,0,4.0,0,2,22.025,2,-1.7734612670109726,0.25630895936247455,1.0,0.0,0.32945315255386226,0.0,0.3333333333333333,0.524648232129476,1.0
0,1,1,29.69911764705882,0,0,50.0,2,0.0754209895566442,0.915939511094101,0.0,1.0,0.5072529421593373,0.0,0.0,0.5880823274584867,1.0
1,3,0,29.69911764705882,1,0,15.5,1,0.0754209895566442,0.0703843144357313,1.0,0.0,0.5072529421593373,0.125,0.0,0.5067685847733391,0.5
1,1,1,45.0,0,0,26.55,2,1.168798140045392,0.49692991228751277,0.0,1.0,0.6123987547851958,0.0,0.0,0.5477878099218253,1.0
0,3,1,40.0,1,1,15.5,1,0.9332296620625783,0.0703843144357313,1.0,1.0,0.5897450537859864,0.125,0.16666666666666666,0.5067685847733391,0.5
0,3,1,36.0,0,0,7.8958,2,0.734037551942624,-0.7439382596568463,1.0,1.0,0.5705895260910279,0.0,0.0,0.42845836148554584,1.0
1,2,0,32.0,0,0,13.0,2,0.4940901910401251,-0.10821183727244707,0.5,0.0,0.5475147250141573,0.0,0.0,0.4895936900036676,1.0
0,2,1,19.0,0,0,13.0,2,-0.9567818903671269,-0.10821183727244707,0.5,1.0,0.40799002034336385,0.0,0.0,0.4895936900036676,1.0
1,3,0,19.0,1,0,7.8542,2,-0.9567818903671269,-0.8654833564602948,1.0,0.0,0.40799002034336385,0.125,0.0,0.4167698439704556,1.0
1,2,1,3.0,1,1,26.0,2,-1.8799107653216574,0.3888396207570238,0.5,1.0,0.3192163198209954,0.125,0.16666666666666666,0.5373931885097546,1.0
1,1,0,44.0,0,0,27.7208,0,1.1110819741139204,0.5342242798527256,0.0,0.0,0.6068484163993966,0.0,0.0,0.5513742636740908,0.0
1,1,0,58.0,0,0,146.5208,0,1.8375261172524597,1.8402482168504009,0.0,0.0,0.6767077140108874,0.0,0.0,0.6769694877036576,0.0
0,3,1,29.69911764705882,0,0,7.75,1,0.0754209895566442,-1.0926463628659455,1.0,1.0,0.5072529421593373,0.0,0.0,0.39492446436253315,0.5
0,3,1,42.0,0,1,8.4042,2,1.026599226458071,-0.45092619255817806,1.0,1.0,0.5987240403310208,0.0,0.16666666666666666,0.45663618822218494,1.0
1,3,0,29.69911764705882,0,0,7.75,1,0.0754209895566442,-1.0926463628659455,1.0,0.0,0.5072529421593373,0.0,0.0,0.39492446436253315,0.5
0,2,0,24.0,0,0,13.0,2,-0.5429353022399479,-0.10821183727244707,0.5,0.0,0.44778803129651024,0.0,0.0,0.4895936900036676,1.0
0,3,1,28.0,0,0,9.5,2,-0.2746734453469668,-0.34851305681638917,1.0,1.0,0.4735857269287317,0.0,0.0,0.4664848597225169,1.0
0,3,1,29.69911764705882,8,2,69.55,2,0.0754209895566442,1.168798140045392,1.0,1.0,0.5072529421593373,1.0,0.3333333333333333,0.6123987547851958,1.0
0,3,1,34.0,0,0,6.4958,2,0.6021201112835268,-2.007735054532222,1.0,1.0,0.5579035407552049,0.0,0.0,0.30692395688258967,1.0
0,3,1,45.5,0,0,7.225,0,1.2043433090502504,-1.597203104737417,1.0,1.0,0.6158169949398109,0.0,0.0,0.3464032120058173,0.0
1,3,1,18.0,0,0,8.05,2,-1.0745748200036587,-0.5371234195074972,1.0,1.0,0.39666233409834095,0.0,0.0,0.4483469373725304,1.0
0,3,0,2.0,0,1,10.4625,2,-2.0529218210912896,-0.30874563078475853,1.0,0.0,0.3025785219266238,0.0,0.16666666666666666,0.47030913785405226,1.0
0,3,1,32.0,1,0,15.85,2,0.4940901910401251,0.09811158630531855,1.0,1.0,0.5475147250141573,0.125,0.0,0.50943500827718,1.0
1,3,1,26.0,0,0,18.7875,0,-0.39154994094607326,0.1692667166443553,1.0,1.0,0.4623461705678389,0.0,0.0,0.5162777194118078,0.0
1,3,0,16.0,0,0,7.75,1,-1.2690904173592292,-1.0926463628659455,1.0,0.0,0.3779565283814268,0.0,0.0,0.39492446436253315,0.5
1,1,1,40.0,0,0,31.0,0,0.9332296620625783,0.6729140015021156,0.0,1.0,0.5897450537859864,0.0,0.0,0.5647115128375297,0.0
0,3,1,24.0,0,0,7.05,2,-0.5429353022399479,-1.7982065083616912,1.0,1.0,0.44778803129651024,0.0,0.0,0.3270734992848313,1.0
1,2,0,35.0,0,0,21.0,2,0.6634943012767216,0.23058751152675497,0.5,0.0,0.5638056570361273,0.0,0.0,0.5221747008933499,1.0
0,3,1,22.0,0,0,7.25,2,-0.6951298207741817,-1.371109957500587,1.0,1.0,0.43315207853187637,0.0,0.0,0.36814570743360975,1.0
0,2,1,30.0,0,0,13.0,2,0.36725763242455783,-0.10821183727244707,0.5,1.0,0.5353177329359075,0.0,0.0,0.4895936900036676,1.0
0,3,1,29.69911764705882,1,0,7.75,1,0.0754209895566442,-1.0926463628659455,1.0,1.0,0.5072529421593373,0.125,0.0,0.39492446436253315,0.5
1,1,0,31.0,1,0,113.275,0,0.43808778981833246,1.663600035701048,0.0,0.0,0.5421291926909031,0.125,0.0,0.6599819216588341,0.0
1,3,0,27.0,0,0,7.925,2,-0.33785701481395763,-0.6417398902624202,1.0,0.0,0.4675096096866259,0.0,0.0,0.43828637974458046,1.0
0,2,1,42.0,1,0,27.0,2,1.026599226458071,0.522672174879164,0.5,1.0,0.5987240403310208,0.125,0.0,0.55026334283178,1.0
1,1,0,32.0,0,0,76.2917,0,0.4940901910401251,1.2456716967237258,0.0,0.0,0.5475147250141573,0.0,0.0,0.6197913846593158,0.0
0,2,1,30.0,0,0,10.5,2,0.36725763242455783,-0.2694607398186383,0.5,1.0,0.5353177329359075,0.0,0.0,0.4740870124718861,1.0
1,3,1,16.0,0,0,8.05,2,-1.2690904173592292,-0.5371234195074972,1.0,1.0,0.3779565283814268,0.0,0.0,0.4483469373725304,1.0
0,2,1,27.0,0,0,13.0,2,-0.33785701481395763,-0.10821183727244707,0.5,1.0,0.4675096096866259,0.0,0.0,0.4895936900036676,1.0
0,3,1,51.0,0,0,8.05,2,1.4974794951902488,-0.5371234195074972,1.0,1.0,0.6440067577201629,0.0,0.0,0.4483469373725304,1.0
0,3,1,29.69911764705882,0,0,7.8958,2,0.0754209895566442,-0.7439382596568463,1.0,1.0,0.5072529421593373,0.0,0.0,0.42845836148554584,1.0
1,1,1,38.0,1,0,90.0,2,0.8259761252005041,1.5130753466158213,0.0,1.0,0.5794308998041521,0.125,0.0,0.6455065498742252,1.0
0,3,1,22.0,0,0,9.35,2,-0.6951298207741817,-0.37051682527801727,1.0,1.0,0.43315207853187637,0.0,0.0,0.46436884320004346,1.0
1,2,1,19.0,0,0,10.5,2,-0.9567818903671269,-0.2694607398186383,0.5,1.0,0.40799002034336385,0.0,0.0,0.4740870124718861,1.0
0,3,1,20.5,0,0,7.25,2,-0.8373949652466882,-1.371109957500587,1.0,1.0,0.4194709949120017,0.0,0.0,0.36814570743360975,1.0
0,2,1,18.0,0,0,13.0,2,-1.0745748200036587,-0.10821183727244707,0.5,1.0,0.39666233409834095,0.0,0.0,0.4895936900036676,1.0
0,3,0,29.69911764705882,3,1,25.4667,2,0.0754209895566442,0.32459054780791363,1.0,0.0,0.5072529421593373,0.375,0.16666666666666666,0.5312146059569067,1.0
1,1,0,35.0,1,0,83.475,2,0.6634943012767216,1.444292447130933,0.0,0.0,0.5638056570361273,0.125,0.0,0.6388919669209703,1.0
0,3,1,29.0,0,0,7.775,2,-0.20230363460702494,-0.9727826798554204,1.0,1.0,0.4805452491360773,0.0,0.0,0.4064512868764628,1.0
0,2,1,59.0,0,0,13.5,2,1.8799107653216565,-0.04019724786571764,0.5,1.0,0.6807836801695953,0.0,0.0,0.4961343875757615,1.0
1,3,0,5.0,4,2,31.3875,2,-1.6737060878053673,0.7112103306664724,1.0,0.0,0.3390462187492944,0.5,0.3333333333333333,0.5683943213256838,1.0
0,2,1,24.0,0,0,10.5,2,-0.5429353022399479,-0.2694607398186383,0.5,1.0,0.44778803129651024,0.0,0.0,0.4740870124718861,1.0
0,3,0,29.69911764705882,0,0,7.55,2,0.0754209895566442,-1.2747300421310548,1.0,0.0,0.5072529421593373,0.0,0.0,0.37741418768108065,1.0
0,2,1,44.0,1,0,26.0,2,1.1110819741139204,0.3888396207570238,0.5,1.0,0.6068484163993966,0.125,0.0,0.5373931885097546,1.0
1,2,0,8.0,0,2,26.25,2,-1.5707855701965032,0.44639683140136194,0.5,0.0,0.34894368318324626,0.0,0.3333333333333333,0.5429282407860633,1.0
0,2,1,19.0,0,0,10.5,2,-0.9567818903671269,-0.2694607398186383,0.5,1.0,0.40799002034336385,0.0,0.0,0.4740870124718861,1.0
0,2,1,33.0,0,0,12.275,2,0.554614576450374,-0.19982885104943438,0.5,1.0,0.5533351189055027,0.0,0.0,0.4807832394106314,1.0
0,3,0,29.69911764705882,1,0,14.4542,0,0.0754209895566442,-0.0050233242817423526,1.0,0.0,0.5072529421593373,0.125,0.0,0.49951692650738605,0.0
1,3,0,29.69911764705882,1,0,15.5,1,0.0754209895566442,0.0703843144357313,1.0,0.0,0.5072529421593373,0.125,0.0,0.5067685847733391,0.5
0,2,1,29.0,0,0,10.5,2,-0.20230363460702494,-0.2694607398186383,0.5,1.0,0.4805452491360773,0.0,0.0,0.4740870124718861,1.0
0,3,1,22.0,0,0,7.125,2,-0.6951298207741817,-1.7050969053330023,1.0,1.0,0.43315207853187637,0.0,0.0,0.3360274863599648,1.0
0,3,1,30.0,0,0,7.225,0,0.36725763242455783,-1.597203104737417,1.0,1.0,0.5353177329359075,0.0,0.0,0.3464032120058173,0.0
0,1,1,44.0,2,0,90.0,1,1.1110819741139204,1.5130753466158213,0.0,1.0,0.6068484163993966,0.25,0.0,0.6455065498742252,0.5
0,3,0,25.0,0,0,7.775,2,-0.45473680761048496,-0.9727826798554204,1.0,0.0,0.45626973624712763,0.0,0.0,0.4064512868764628,1.0
1,2,0,24.0,0,2,14.5,2,-0.5429353022399479,0.022606789649600032,0.5,0.0,0.44778803129651024,0.0,0.3333333333333333,0.5021740067115567,1.0
1,1,1,37.0,1,1,52.5542,2,0.791147856535964,0.9768219351382754,0.0,1.0,0.5760816011568849,0.125,0.16666666666666666,0.5939371525276728,1.0
0,2,1,54.0,1,0,26.0,2,1.6342593330344206,0.3888396207570238,0.5,1.0,0.6571603408131788,0.125,0.0,0.5373931885097546,1.0
0,3,1,29.69911764705882,0,0,7.25,2,0.0754209895566442,-1.371109957500587,1.0,1.0,0.5072529421593373,0.0,0.0,0.36814570743360975,1.0
0,3,0,29.0,1,1,10.4625,2,-0.20230363460702494,-0.30874563078475853,1.0,0.0,0.4805452491360773,0.125,0.16666666666666666,0.47030913785405226,1.0
0,1,1,62.0,0,0,26.55,2,2.0740340108423267,0.49692991228751277,0.0,1.0,0.6994517549420707,0.0,0.0,0.5477878099218253,1.0
0,3,1,30.0,1,0,16.1,2,0.36725763242455783,0.12338326650744524,1.0,1.0,0.5353177329359075,0.125,0.0,0.5118652871156263,1.0
0,3,0,41.0,0,2,20.2125,2,0.984948642113066,0.19974071839308488,1.0,0.0,0.5947186662152916,0.0,0.3333333333333333,0.5192082852064193,1.0
1,3,0,29.0,0,2,15.2458,0,-0.20230363460702494,0.05025417621651528,1.0,0.0,0.4805452491360773,0.0,0.3333333333333333,0.5048327479576674,0.0
1,1,0,29.69911764705882,0,0,79.2,0,0.0754209895566442,1.3396451999245262,0.0,0.0,0.5072529421593373,0.0,0.0,0.6288284496418153,0.0
1,1,0,30.0,0,0,86.5,2,0.36725763242455783,1.4600054461545797,0.0,0.0,0.5353177329359075,0.0,0.0,0.6404030247022602,1.0
1,1,0,35.0,0,0,512.3292,0,0.6634943012767216,5.19933758270342,0.0,0.0,0.5638056570361273,0.0,0.0,1.0,0.0
1,2,0,50.0,0,1,26.0,2,1.4314384013851016,0.3888396207570238,0.5,0.0,0.6376558435166434,0.0,0.16666666666666666,0.5373931885097546,1.0
0,3,1,29.69911764705882,0,0,7.75,1,0.0754209895566442,-1.0926463628659455,1.0,1.0,0.5072529421593373,0.0,0.0,0.39492446436253315,0.5
1,3,1,3.0,4,2,31.3875,2,-1.8799107653216574,0.7112103306664724,1.0,1.0,0.3192163198209954,0.5,0.3333333333333333,0.5683943213256838,1.0
0,1,1,52.0,1,1,79.65,2,1.5537650044440463,1.3647084924885173,0.0,1.0,0.6494195154377587,0.125,0.16666666666666666,0.6312386886545315,1.0
0,1,1,40.0,0,0,0.0,2,0.9332296620625783,-5.199337582605575,0.0,1.0,0.5897450537859864,0.0,0.0,0.0,1.0
0,3,0,29.69911764705882,0,0,7.75,1,0.0754209895566442,-1.0926463628659455,1.0,0.0,0.5072529421593373,0.0,0.0,0.39492446436253315,0.5
0,2,1,36.0,0,0,10.5,2,0.734037551942624,-0.2694607398186383,0.5,1.0,0.5705895260910279,0.0,0.0,0.4740870124718861,1.0
0,3,1,16.0,4,1,39.6875,2,-1.2690904173592292,0.8401904658733902,1.0,1.0,0.3779565283814268,0.5,0.16666666666666666,0.5807978374617785,1.0
1,3,1,25.0,1,0,7.775,2,-0.45473680761048496,-0.9727826798554204,1.0,1.0,0.45626973624712763,0.125,0.0,0.4064512868764628,1.0
1,1,0,58.0,0,1,153.4625,2,1.8375261172524597,1.9422717718724143,0.0,0.0,0.6767077140108874,0.0,0.16666666666666666,0.6867806947468754,1.0
1,1,0,35.0,0,0,135.6333,2,0.6634943012767216,1.79820650836169,0.0,0.0,0.5638056570361273,0.0,0.0,0.6729265007057594,1.0
0,1,1,29.69911764705882,0,0,31.0,2,0.0754209895566442,0.6729140015021156,0.0,1.0,0.5072529421593373,0.0,0.0,0.5647115128375297,1.0
1,3,1,25.0,0,0,0.0,2,-0.45473680761048496,-5.199337582605575,1.0,1.0,0.45626973624712763,0.0,0.0,0.0,1.0
1,2,0,41.0,0,1,19.5,2,0.984948642113066,0.18950198587030678,0.5,0.0,0.5947186662152916,0.0,0.16666666666666666,0.5182236662660242,1.0
0,1,1,37.0,0,1,29.7,0,0.791147856535964,0.6111773684342875,0.0,1.0,0.5760816011568849,0.0,0.16666666666666666,0.558774541820896,0.0
1,3,0,29.69911764705882,0,0,7.75,1,0.0754209895566442,-1.0926463628659455,1.0,0.0,0.5072529421593373,0.0,0.0,0.39492446436253315,0.5
1,1,0,63.0,1,0,77.9583,2,2.161062172973128,1.29189709019017,0.0,0.0,0.7078209135846193,0.125,0.0,0.624236700310742,1.0
0,3,0,45.0,0,0,7.75,2,1.168798140045392,-1.0926463628659455,1.0,0.0,0.6123987547851958,0.0,0.0,0.39492446436253315,1.0
0,2,1,29.69911764705882,0,0,0.0,2,0.0754209895566442,-5.199337582605575,0.5,1.0,0.5072529421593373,0.0,0.0,0.0,1.0
0,3,1,7.0,4,1,29.125,1,-1.606261649520609,0.5961093109897605,1.0,1.0,0.3455320871135414,0.5,0.16666666666666666,0.5573255055537766,0.5
1,3,0,35.0,1,1,20.25,2,0.6634943012767216,0.20486788035194237,1.0,0.0,0.5638056570361273,0.125,0.16666666666666666,0.5197013443584122,1.0
0,3,1,65.0,0,0,7.75,1,2.3255966182826127,-1.0926463628659455,1.0,1.0,0.7236435489390141,0.0,0.0,0.39492446436253315,0.5
0,3,1,28.0,0,0,7.8542,2,-0.2746734453469668,-0.8654833564602948,1.0,1.0,0.4735857269287317,0.0,0.0,0.4167698439704556,1.0
0,3,1,16.0,0,0,9.5,2,-1.2690904173592292,-0.34851305681638917,1.0,1.0,0.3779565283814268,0.0,0.0,0.4664848597225169,1.0
1,3,1,19.0,0,0,8.05,2,-0.9567818903671269,-0.5371234195074972,1.0,1.0,0.40799002034336385,0.0,0.0,0.4483469373725304,1.0
0,1,1,29.69911764705882,0,0,26.0,2,0.0754209895566442,0.3888396207570238,0.0,1.0,0.5072529421593373,0.0,0.0,0.5373931885097546,1.0
0,3,1,33.0,0,0,8.6625,0,0.554614576450374,-0.4160755651955433,1.0,1.0,0.5533351189055027,0.0,0.0,0.4599876370181719,0.0
1,3,1,30.0,0,0,9.5,2,0.36725763242455783,-0.34851305681638917,1.0,1.0,0.5353177329359075,0.0,0.0,0.4664848597225169,1.0
0,3,1,22.0,0,0,7.8958,2,-0.6951298207741817,-0.7439382596568463,1.0,1.0,0.43315207853187637,0.0,0.0,0.42845836148554584,1.0
1,2,1,42.0,0,0,13.0,2,1.026599226458071,-0.10821183727244707,0.5,1.0,0.5987240403310208,0.0,0.0,0.4895936900036676,1.0
1,3,0,22.0,0,0,7.75,1,-0.6951298207741817,-1.0926463628659455,1.0,0.0,0.43315207853187637,0.0,0.0,0.39492446436253315,0.5
1,1,0,26.0,0,0,78.85,2,-0.39154994094607326,1.315396284740719,0.0,0.0,0.4623461705678389,0.0,0.0,0.6264965261228748,1.0
1,1,0,19.0,1,0,91.0792,0,-0.9567818903671269,1.537183021001202,0.0,0.0,0.40799002034336385,0.125,0.0,0.6478248908169066,0.0
0,2,1,36.0,0,0,12.875,0,0.734037551942624,-0.16957695373085724,0.5,1.0,0.5705895260910279,0.0,0.0,0.4836924462891673,0.0
0,3,0,24.0,0,0,8.85,2,-0.5429353022399479,-0.39021375035285893,1.0,0.0,0.44778803129651024,0.0,0.0,0.46247466680144295,1.0
0,3,1,24.0,0,0,7.8958,2,-0.5429353022399479,-0.7439382596568463,1.0,1.0,0.44778803129651024,0.0,0.0,0.42845836148554584,1.0
0,1,1,29.69911764705882,0,0,27.7208,0,0.0754209895566442,0.5342242798527256,0.0,1.0,0.5072529421593373,0.0,0.0,0.5513742636740908,0.0
0,3,1,23.5,0,0,7.2292,0,-0.5938117647627017,-1.4822396003571403,1.0,1.0,0.44289544048912716,0.0,0.0,0.3574588034684496,0.0
0,1,0,2.0,1,2,151.55,2,-2.0529218210912896,1.8799107653216565,0.0,0.0,0.3025785219266238,0.125,0.3333333333333333,0.6807836801695953,1.0
1,1,1,29.69911764705882,0,0,30.5,2,0.0754209895566442,0.6510254473657964,0.0,1.0,0.5072529421593373,0.0,0.0,0.5626065760269885,1.0
1,1,0,50.0,0,1,247.5208,0,1.4314384013851016,2.319629258371347,0.0,0.0,0.6376558435166434,0.0,0.16666666666666666,0.7230696912296037,0.0
1,3,0,29.69911764705882,0,0,7.75,1,0.0754209895566442,-1.0926463628659455,1.0,0.0,0.5072529421593373,0.0,0.0,0.39492446436253315,0.5
1,3,1,29.69911764705882,2,0,23.25,1,0.0754209895566442,0.28250656911227734,1.0,1.0,0.5072529421593373,0.25,0.0,0.5271675539982079,0.5
0,3,1,19.0,0,0,0.0,2,-0.9567818903671269,-5.199337582605575,1.0,1.0,0.40799002034336385,0.0,0.0,0.0,1.0
1,2,0,29.69911764705882,0,0,12.35,1,0.0754209895566442,-0.19461880183929783,0.5,0.0,0.5072529421593373,0.0,0.0,0.48128426950603415,0.5
0,3,1,29.69911764705882,0,0,8.05,2,0.0754209895566442,-0.5371234195074972,1.0,1.0,0.5072529421593373,0.0,0.0,0.4483469373725304,1.0
1,1,1,0.92,1,2,151.55,2,-2.4646187921580056,1.8799107653216565,0.0,1.0,0.262987231255272,0.125,0.3333333333333333,0.6807836801695953,1.0
1,1,0,29.69911764705882,0,0,110.8833,0,0.0754209895566442,1.6247848191673457,0.0,0.0,0.5072529421593373,0.0,0.0,0.656249213797818,0.0
1,1,0,17.0,1,0,108.9,0,-1.1788021854537036,1.588273757582027,0.0,0.0,0.3866391952087103,0.125,0.0,0.6527380875240476,0.0
0,2,1,30.0,1,0,24.0,0,0.36725763242455783,0.29297785546080574,0.5,1.0,0.5353177329359075,0.125,0.0,0.5281745367322644,0.0
1,1,0,30.0,0,0,56.9292,0,0.36725763242455783,1.0689930498134619,0.0,0.0,0.5353177329359075,0.0,0.0,0.6028008888411869,0.0
1,1,0,24.0,0,0,83.1583,0,-0.5429353022399479,1.4175827296655563,0.0,0.0,0.44778803129651024,0.0,0.0,0.6363233976522155,0.0
1,1,0,18.0,2,2,262.375,0,-1.0745748200036587,2.408184785075522,0.0,0.0,0.39666233409834095,0.25,0.3333333333333333,0.7315857305611914,0.0
0,2,0,26.0,1,1,26.0,2,-0.39154994094607326,0.3888396207570238,0.5,0.0,0.4623461705678389,0.125,0.16666666666666666,0.5373931885097546,1.0
0,3,1,28.0,0,0,7.8958,2,-0.2746734453469668,-0.7439382596568463,1.0,1.0,0.4735857269287317,0.0,0.0,0.42845836148554584,1.0
0,2,1,43.0,1,1,26.25,2,1.0745748200036587,0.44639683140136194,0.5,1.0,0.6033376658922499,0.125,0.16666666666666666,0.5429282407860633,1.0
1,3,0,26.0,0,0,7.8542,2,-0.39154994094607326,-0.8654833564602948,1.0,0.0,0.4623461705678389,0.0,0.0,0.4167698439704556,1.0
1,2,0,24.0,1,0,26.0,2,-0.5429353022399479,0.3888396207570238,0.5,0.0,0.44778803129651024,0.125,0.0,0.5373931885097546,1.0
0,2,1,54.0,0,0,14.0,2,1.6342593330344206,-0.02505143178181602,0.5,1.0,0.6571603408131788,0.0,0.0,0.4975909015877031,1.0
1,1,0,31.0,0,2,164.8667,2,0.43808778981833246,1.9838719402286862,0.0,0.0,0.5421291926909031,0.0,0.3333333333333333,0.6907812205537641,1.0
1,1,0,40.0,1,1,134.5,0,0.9332296620625783,1.7690663894954732,0.0,0.0,0.5897450537859864,0.125,0.16666666666666666,0.670124209221222,0.0
0,3,1,22.0,0,0,7.25,2,-0.6951298207741817,-1.371109957500587,1.0,1.0,0.43315207853187637,0.0,0.0,0.36814570743360975,1.0
0,3,1,27.0,0,0,7.8958,2,-0.33785701481395763,-0.7439382596568463,1.0,1.0,0.4675096096866259,0.0,0.0,0.42845836148554584,1.0
1,2,0,30.0,0,0,12.35,1,0.36725763242455783,-0.19461880183929783,0.5,0.0,0.5353177329359075,0.0,0.0,0.48128426950603415,0.5
1,2,0,22.0,1,1,29.0,2,-0.6951298207741817,0.5868365092148812,0.5,0.0,0.43315207853187637,0.125,0.16666666666666666,0.5564337764029503,1.0
0,3,1,29.69911764705882,8,2,69.55,2,0.0754209895566442,1.168798140045392,1.0,1.0,0.5072529421593373,1.0,0.3333333333333333,0.6123987547851958,1.0
1,1,0,36.0,0,0,135.6333,0,0.734037551942624,1.79820650836169,0.0,0.0,0.5705895260910279,0.0,0.0,0.6729265007057594,0.0
0,3,1,61.0,0,0,6.2375,2,2.0132515139943474,-2.058102342827245,1.0,1.0,0.6936065394812824,0.0,0.0,0.30208033137315426,1.0
1,2,0,36.0,0,0,13.0,2,0.734037551942624,-0.10821183727244707,0.5,0.0,0.5705895260910279,0.0,0.0,0.4895936900036676,1.0
1,3,0,31.0,1,1,20.525,2,0.43808778981833246,0.2125687776810898,1.0,0.0,0.5421291926909031,0.125,0.16666666666666666,0.5204419095945336,1.0
1,1,0,16.0,0,1,57.9792,0,-1.2690904173592292,1.0880951463467352,0.0,0.0,0.3779565283814268,0.0,0.16666666666666666,0.6046378629008248,0.0
1,3,0,29.69911764705882,2,0,23.25,1,0.0754209895566442,0.28250656911227734,1.0,0.0,0.5072529421593373,0.25,0.0,0.5271675539982079,0.5
0,1,1,45.5,0,0,28.5,2,1.2043433090502504,0.5781581103927449,0.0,1.0,0.6158169949398109,0.0,0.0,0.5555992086638706,1.0
0,1,1,38.0,0,1,153.4625,2,0.8259761252005041,1.9422717718724143,0.0,1.0,0.5794308998041521,0.0,0.16666666666666666,0.6867806947468754,1.0
0,3,1,16.0,2,0,18.0,2,-1.2690904173592292,0.15381512083356783,1.0,1.0,0.3779565283814268,0.25,0.0,0.5147917997571257,1.0
1,1,0,29.69911764705882,1,0,133.65,2,0.0754209895566442,1.7487579198217498,0.0,0.0,0.5072529421593373,0.125,0.0,0.6681712229656771,1.0
0,3,1,29.69911764705882,0,0,7.8958,2,0.0754209895566442,-0.7439382596568463,1.0,1.0,0.5072529421593373,0.0,0.0,0.42845836148554584,1.0
0,1,1,29.0,1,0,66.6,2,-0.20230363460702494,1.1346713969386866,0.0,1.0,0.4805452491360773,0.125,0.0,0.6091169191124597,1.0
1,1,0,41.0,0,0,134.5,0,0.984948642113066,1.7690663894954732,0.0,0.0,0.5947186662152916,0.0,0.0,0.670124209221222,0.0
1,3,1,45.0,0,0,8.05,2,1.168798140045392,-0.5371234195074972,1.0,1.0,0.6123987547851958,0.0,0.0,0.4483469373725304,1.0
0,1,1,45.0,0,0,35.5,2,1.168798140045392,0.7740896873917489,0.0,1.0,0.6123987547851958,0.0,0.0,0.5744411836158962,1.0
1,2,1,2.0,1,1,26.0,2,-2.0529218210912896,0.3888396207570238,0.5,1.0,0.3025785219266238,0.125,0.16666666666666666,0.5373931885097546,1.0
1,1,0,24.0,3,2,263.0,2,-0.5429353022399479,2.5751369600643144,0.0,0.0,0.44778803129651024,0.375,0.3333333333333333,0.7476408695413723,1.0
0,2,1,28.0,0,0,13.0,2,-0.2746734453469668,-0.10821183727244707,0.5,1.0,0.4735857269287317,0.0,0.0,0.4895936900036676,1.0
0,2,1,25.0,0,0,13.0,2,-0.45473680761048496,-0.10821183727244707,0.5,1.0,0.45626973624712763,0.0,0.0,0.4895936900036676,1.0
0,2,1,36.0,0,0,13.0,2,0.734037551942624,-0.10821183727244707,0.5,1.0,0.5705895260910279,0.0,0.0,0.4895936900036676,1.0
1,2,0,24.0,0,0,13.0,2,-0.5429353022399479,-0.10821183727244707,0.5,0.0,0.44778803129651024,0.0,0.0,0.4895936900036676,1.0
1,2,0,40.0,0,0,13.0,2,0.9332296620625783,-0.10821183727244707,0.5,0.0,0.5897450537859864,0.0,0.0,0.4895936900036676,1.0
1,3,0,29.69911764705882,1,0,16.1,2,0.0754209895566442,0.12338326650744524,1.0,0.0,0.5072529421593373,0.125,0.0,0.5118652871156263,1.0
1,3,1,3.0,1,1,15.9,2,-1.8799107653216574,0.10511258447523804,1.0,1.0,0.3192163198209954,0.125,0.16666666666666666,0.5101082669431759,1.0
0,3,1,42.0,0,0,8.6625,2,1.026599226458071,-0.4160755651955433,1.0,1.0,0.5987240403310208,0.0,0.0,0.4599876370181719,1.0
0,3,1,23.0,0,0,9.225,2,-0.6202850431124973,-0.37797926891852907,1.0,1.0,0.44034960864719086,0.0,0.0,0.46365120912436747,1.0
0,1,1,29.69911764705882,0,0,35.0,2,0.0754209895566442,0.7638202870945012,0.0,1.0,0.5072529421593373,0.0,0.0,0.5734536154753406,1.0
0,3,1,15.0,1,1,7.2292,0,-1.345831967240049,-1.4822396003571403,1.0,1.0,0.3705765930857424,0.125,0.16666666666666666,0.3574588034684496,0.0
0,3,1,25.0,1,0,17.8,2,-0.45473680761048496,0.14873400563742584,1.0,1.0,0.45626973624712763,0.125,0.0,0.5143031687425621,1.0
0,3,1,29.69911764705882,0,0,7.225,0,0.0754209895566442,-1.597203104737417,1.0,1.0,0.5072529421593373,0.0,0.0,0.3464032120058173,0.0
0,3,1,28.0,0,0,9.5,2,-0.2746734453469668,-0.34851305681638917,1.0,1.0,0.4735857269287317,0.0,0.0,0.4664848597225169,1.0
1,1,0,22.0,0,1,55.0,2,-0.6951298207741817,1.0097287788244826,0.0,0.0,0.43315207853187637,0.0,0.16666666666666666,0.5971016752349488,1.0
0,2,0,38.0,0,0,13.0,2,0.8259761252005041,-0.10821183727244707,0.5,0.0,0.5794308998041521,0.0,0.0,0.4895936900036676,1.0
1,3,0,29.69911764705882,0,0,7.8792,1,0.0754209895566442,-0.829513983831818,1.0,0.0,0.5072529421593373,0.0,0.0,0.42022887813169896,0.5
1,3,0,29.69911764705882,0,0,7.8792,1,0.0754209895566442,-0.829513983831818,1.0,0.0,0.5072529421593373,0.0,0.0,0.42022887813169896,0.5
0,3,1,40.0,1,4,27.9,2,0.9332296620625783,0.5634238615585514,1.0,1.0,0.5897450537859864,0.125,0.6666666666666666,0.5541822734678037,1.0
0,2,1,29.0,1,0,27.7208,0,-0.20230363460702494,0.5342242798527256,0.5,1.0,0.4805452491360773,0.125,0.0,0.5513742636740908,0.0
0,3,0,45.0,0,1,14.4542,0,1.168798140045392,-0.0050233242817423526,1.0,0.0,0.6123987547851958,0.0,0.16666666666666666,0.49951692650738605,0.0
0,3,1,35.0,0,0,7.05,2,0.6634943012767216,-1.7982065083616912,1.0,1.0,0.5638056570361273,0.0,0.0,0.3270734992848313,1.0
0,3,1,29.69911764705882,1,0,15.5,1,0.0754209895566442,0.0703843144357313,1.0,1.0,0.5072529421593373,0.125,0.0,0.5067685847733391,0.5
0,3,1,30.0,0,0,7.25,2,0.36725763242455783,-1.371109957500587,1.0,1.0,0.5353177329359075,0.0,0.0,0.36814570743360975,1.0
1,1,0,60.0,1,0,75.25,0,1.9259692267525301,1.2393628406224542,0.0,0.0,0.6852129426187705,0.125,0.0,0.619184686594324,0.0
1,3,0,29.69911764705882,0,0,7.2292,0,0.0754209895566442,-1.4822396003571403,1.0,0.0,0.5072529421593373,0.0,0.0,0.3574588034684496,0.0
1,3,0,29.69911764705882,0,0,7.75,1,0.0754209895566442,-1.0926463628659455,1.0,0.0,0.5072529421593373,0.0,0.0,0.39492446436253315,0.5
1,1,0,24.0,0,0,69.3,0,-0.5429353022399479,1.1442860901432388,0.0,0.0,0.44778803129651024,0.0,0.0,0.6100415266275235,0.0
1,1,1,25.0,1,0,55.4417,0,-0.45473680761048496,1.014688969896398,0.0,1.0,0.45626973624712763,0.125,0.0,0.597578677448506,0.0
0,3,1,18.0,1,0,6.4958,2,-1.0745748200036587,-2.007735054532222,1.0,1.0,0.39666233409834095,0.125,0.0,0.30692395688258967,1.0
0,3,1,19.0,0,0,8.05,2,-0.9567818903671269,-0.5371234195074972,1.0,1.0,0.40799002034336385,0.0,0.0,0.4483469373725304,1.0
0,1,1,22.0,0,0,135.6333,0,-0.6951298207741817,1.79820650836169,0.0,1.0,0.43315207853187637,0.0,0.0,0.6729265007057594,0.0
0,3,0,3.0,3,1,21.075,2,-1.8799107653216574,0.24609173299677983,1.0,0.0,0.3192163198209954,0.375,0.16666666666666666,0.5236656813522597,1.0
1,1,0,29.69911764705882,1,0,82.1708,0,0.0754209895566442,1.4039939831196382,0.0,0.0,0.5072529421593373,0.125,0.0,0.6350166209398077,0.0
1,3,0,22.0,0,0,7.25,2,-0.6951298207741817,-1.371109957500587,1.0,0.0,0.43315207853187637,0.0,0.0,0.36814570743360975,1.0
0,1,1,27.0,0,2,211.5,0,-0.33785701481395763,2.096139675307853,0.0,1.0,0.4675096096866259,0.0,0.3333333333333333,0.7015775704054936,0.0
0,3,1,20.0,0,0,4.0125,0,-0.8728120489963159,-2.10818935968637,1.0,1.0,0.4160650722164084,0.0,0.0,0.2972636584736853,0.0
0,3,1,19.0,0,0,7.775,2,-0.9567818903671269,-0.9727826798554204,1.0,1.0,0.40799002034336385,0.0,0.0,0.4064512868764628,1.0
1,1,0,42.0,0,0,227.525,0,1.026599226458071,2.196500880334908,0.0,0.0,0.5987240403310208,0.0,0.0,0.7112289157385866,0.0
1,3,0,1.0,0,2,15.7417,0,-2.2896073562427874,0.08794141567163079,1.0,0.0,0.27981739789987237,0.0,0.3333333333333333,0.5084569826660315,0.0
0,3,1,32.0,0,0,7.925,2,0.4940901910401251,-0.6417398902624202,1.0,1.0,0.5475147250141573,0.0,0.0,0.43828637974458046,1.0
1,1,0,35.0,1,0,52.0,2,0.6634943012767216,0.9528198349421091,0.0,0.0,0.5638056570361273,0.125,0.0,0.5916289642426651,1.0
0,3,1,29.69911764705882,0,0,7.8958,2,0.0754209895566442,-0.7439382596568463,1.0,1.0,0.5072529421593373,0.0,0.0,0.42845836148554584,1.0
0,2,1,18.0,0,0,73.5,2,-1.0745748200036587,1.2200527208659053,0.5,1.0,0.39666233409834095,0.0,0.0,0.6173277077533108,1.0
0,3,1,1.0,5,2,46.9,2,-2.2896073562427874,0.883893869289034,1.0,1.0,0.27981739789987237,0.625,0.3333333333333333,0.5850006231744664,1.0
1,2,0,36.0,0,0,13.0,2,0.734037551942624,-0.10821183727244707,0.5,0.0,0.5705895260910279,0.0,0.0,0.4895936900036676,1.0
0,3,1,29.69911764705882,0,0,7.7292,1,0.0754209895566442,-1.2254313823635379,1.0,1.0,0.5072529421593373,0.0,0.0,0.3821550473563575,0.5
1,2,0,17.0,0,0,12.0,0,-1.1788021854537036,-0.2033612318819006,0.5,0.0,0.3866391952087103,0.0,0.0,0.48044354413442447,0.0
1,1,1,36.0,1,2,120.0,2,0.734037551942624,1.7050969053330023,0.0,1.0,0.5705895260910279,0.125,0.3333333333333333,0.663972513630626,1.0
1,3,1,21.0,0,0,7.7958,2,-0.7911478565359643,-0.9178117400238891,1.0,1.0,0.42391839883370597,0.0,0.0,0.4117376275840675,1.0
0,3,1,28.0,2,0,7.925,2,-0.2746734453469668,-0.6417398902624202,1.0,1.0,0.4735857269287317,0.25,0.0,0.43828637974458046,1.0
1,1,0,23.0,1,0,113.275,0,-0.6202850431124973,1.663600035701048,0.0,0.0,0.44034960864719086,0.125,0.0,0.6599819216588341,0.0
1,3,0,24.0,0,2,16.7,2,-0.5429353022399479,0.13858315006072774,1.0,0.0,0.44778803129651024,0.0,0.3333333333333333,0.5133270005850489,1.0
0,3,1,22.0,0,0,7.7958,2,-0.6951298207741817,-0.9178117400238891,1.0,1.0,0.43315207853187637,0.0,0.0,0.4117376275840675,1.0
0,3,0,31.0,0,0,7.8542,2,0.43808778981833246,-0.8654833564602948,1.0,0.0,0.5421291926909031,0.0,0.0,0.4167698439704556,1.0
0,2,1,46.0,0,0,26.0,2,1.2200527208659053,0.3888396207570238,0.5,1.0,0.6173277077533108,0.0,0.0,0.5373931885097546,1.0
0,2,1,23.0,0,0,10.5,2,-0.6202850431124973,-0.2694607398186383,0.5,1.0,0.44034960864719086,0.0,0.0,0.4740870124718861,1.0
1,2,0,28.0,0,0,12.65,2,-0.2746734453469668,-0.17312850582046663,0.5,0.0,0.4735857269287317,0.0,0.0,0.4833509073879948,1.0
1,3,1,39.0,0,0,7.925,2,0.8764940252602996,-0.6417398902624202,1.0,1.0,0.584289009059101,0.0,0.0,0.43828637974458046,1.0
0,3,1,26.0,0,0,8.05,2,-0.39154994094607326,-0.5371234195074972,1.0,1.0,0.4623461705678389,0.0,0.0,0.4483469373725304,1.0
0,3,0,21.0,1,0,9.825,2,-0.7911478565359643,-0.32459054780791374,1.0,0.0,0.42391839883370597,0.125,0.0,0.46878539403368413,1.0
0,3,1,28.0,1,0,15.85,2,-0.2746734453469668,0.09811158630531855,1.0,1.0,0.4735857269287317,0.125,0.0,0.50943500827718,1.0
0,3,0,20.0,0,0,8.6625,2,-0.8728120489963159,-0.4160755651955433,1.0,0.0,0.4160650722164084,0.0,0.0,0.4599876370181719,1.0
0,2,1,34.0,1,0,21.0,2,0.6021201112835268,0.23058751152675497,0.5,1.0,0.5579035407552049,0.125,0.0,0.5221747008933499,1.0
0,3,1,51.0,0,0,7.75,2,1.4974794951902488,-1.0926463628659455,1.0,1.0,0.6440067577201629,0.0,0.0,0.39492446436253315,1.0
1,2,1,3.0,1,1,18.75,2,-1.8799107653216574,0.1639894120175418,0.5,1.0,0.3192163198209954,0.125,0.16666666666666666,0.515770221625511,1.0
0,3,1,21.0,0,0,7.775,2,-0.7911478565359643,-0.9727826798554204,1.0,1.0,0.42391839883370597,0.0,0.0,0.4064512868764628,1.0
0,3,0,29.69911764705882,3,1,25.4667,2,0.0754209895566442,0.32459054780791363,1.0,0.0,0.5072529421593373,0.375,0.16666666666666666,0.5312146059569067,1.0
0,3,1,29.69911764705882,0,0,7.8958,2,0.0754209895566442,-0.7439382596568463,1.0,1.0,0.5072529421593373,0.0,0.0,0.42845836148554584,1.0
0,3,1,29.69911764705882,0,0,6.8583,1,0.0754209895566442,-1.9260442504087432,1.0,1.0,0.5072529421593373,0.0,0.0,0.314779842639653,0.5
1,1,0,33.0,1,0,90.0,1,0.554614576450374,1.5130753466158213,0.0,0.0,0.5533351189055027,0.125,0.0,0.6455065498742252,0.5
0,2,1,29.69911764705882,0,0,0.0,2,0.0754209895566442,-5.199337582605575,0.5,1.0,0.5072529421593373,0.0,0.0,0.0,1.0
1,3,1,44.0,0,0,7.925,2,1.1110819741139204,-0.6417398902624202,1.0,1.0,0.6068484163993966,0.0,0.0,0.43828637974458046,1.0
0,3,0,29.69911764705882,0,0,8.05,2,0.0754209895566442,-0.5371234195074972,1.0,0.0,0.5072529421593373,0.0,0.0,0.4483469373725304,1.0
1,2,0,34.0,1,1,32.5,2,0.6021201112835268,0.7228422104038256,0.5,0.0,0.5579035407552049,0.125,0.16666666666666666,0.5695129137956321,1.0
1,2,0,18.0,0,2,13.0,2,-1.0745748200036587,-0.10821183727244707,0.5,0.0,0.39666233409834095,0.0,0.3333333333333333,0.4895936900036676,1.0
0,2,1,30.0,0,0,13.0,2,0.36725763242455783,-0.10821183727244707,0.5,1.0,0.5353177329359075,0.0,0.0,0.4895936900036676,1.0
0,3,0,10.0,0,2,24.15,2,-1.4747470516619192,0.30611243798272164,1.0,0.0,0.3581793326297236,0.0,0.3333333333333333,0.5294376382632878,1.0
0,3,1,29.69911764705882,0,0,7.8958,0,0.0754209895566442,-0.7439382596568463,1.0,1.0,0.5072529421593373,0.0,0.0,0.42845836148554584,0.0
0,3,1,21.0,0,0,7.7333,1,-0.7911478565359643,-1.20954663539958,1.0,1.0,0.42391839883370597,0.0,0.0,0.3836826214666587,0.5
0,3,1,29.0,0,0,7.875,2,-0.20230363460702494,-0.8347613481774415,1.0,1.0,0.4805452491360773,0.0,0.0,0.419724259585374,1.0
0,3,0,28.0,1,1,14.4,2,-0.2746734453469668,-0.01758246691901309,1.0,0.0,0.4735857269287317,0.125,0.16666666666666666,0.4983091627838716,1.0
0,3,1,18.0,1,1,20.2125,2,-1.0745748200036587,0.19974071839308488,1.0,1.0,0.39666233409834095,0.125,0.16666666666666666,0.5192082852064193,1.0
0,3,1,29.69911764705882,0,0,7.25,2,0.0754209895566442,-1.371109957500587,1.0,1.0,0.5072529421593373,0.0,0.0,0.36814570743360975,1.0
1,2,0,28.0,1,0,26.0,2,-0.2746734453469668,0.3888396207570238,0.5,0.0,0.4735857269287317,0.125,0.0,0.5373931885097546,1.0
1,2,0,19.0,0,0,26.0,2,-0.9567818903671269,0.3888396207570238,0.5,0.0,0.40799002034336385,0.0,0.0,0.5373931885097546,1.0
0,3,1,29.69911764705882,0,0,7.75,1,0.0754209895566442,-1.0926463628659455,1.0,1.0,0.5072529421593373,0.0,0.0,0.39492446436253315,0.5
1,3,1,32.0,0,0,8.05,2,0.4940901910401251,-0.5371234195074972,1.0,1.0,0.5475147250141573,0.0,0.0,0.4483469373725304,1.0
1,1,1,28.0,0,0,26.55,2,-0.2746734453469668,0.49692991228751277,0.0,1.0,0.4735857269287317,0.0,0.0,0.5477878099218253,1.0
1,3,0,29.69911764705882,1,0,16.1,2,0.0754209895566442,0.12338326650744524,1.0,0.0,0.5072529421593373,0.125,0.0,0.5118652871156263,1.0
1,2,0,42.0,1,0,26.0,2,1.026599226458071,0.3888396207570238,0.5,0.0,0.5987240403310208,0.125,0.0,0.5373931885097546,1.0
0,3,1,17.0,0,0,7.125,2,-1.1788021854537036,-1.7050969053330023,1.0,1.0,0.3866391952087103,0.0,0.0,0.3360274863599648,1.0
0,1,1,50.0,1,0,55.9,2,1.4314384013851016,1.0212068454385403,0.0,1.0,0.6376558435166434,0.125,0.0,0.5982054760972307,1.0
1,1,0,14.0,1,2,120.0,2,-1.390659654897429,1.7050969053330023,0.0,0.0,0.3662656893461075,0.125,0.3333333333333333,0.663972513630626,1.0
0,3,0,21.0,2,2,34.375,2,-0.7911478565359643,0.7505794181100831,1.0,0.0,0.42391839883370597,0.25,0.3333333333333333,0.5721802927901016,1.0
1,2,0,24.0,2,3,18.75,2,-0.5429353022399479,0.1639894120175418,0.5,0.0,0.44778803129651024,0.25,0.5,0.515770221625511,1.0
0,1,1,64.0,1,4,263.0,2,2.2325982809999143,2.5751369600643144,0.0,1.0,0.7147002618563527,0.125,0.6666666666666666,0.7476408695413723,1.0
0,2,1,31.0,0,0,10.5,2,0.43808778981833246,-0.2694607398186383,0.5,1.0,0.5421291926909031,0.0,0.0,0.4740870124718861,1.0
1,2,0,45.0,1,1,26.25,2,1.168798140045392,0.44639683140136194,0.5,0.0,0.6123987547851958,0.125,0.16666666666666666,0.5429282407860633,1.0
0,3,1,20.0,0,0,9.5,2,-0.8728120489963159,-0.34851305681638917,1.0,1.0,0.4160650722164084,0.0,0.0,0.4664848597225169,1.0
0,3,1,25.0,1,0,7.775,2,-0.45473680761048496,-0.9727826798554204,1.0,1.0,0.45626973624712763,0.125,0.0,0.4064512868764628,1.0
1,2,0,28.0,0,0,13.0,2,-0.2746734453469668,-0.10821183727244707,0.5,0.0,0.4735857269287317,0.0,0.0,0.4895936900036676,1.0
1,3,1,29.69911764705882,0,0,8.1125,2,0.0754209895566442,-0.4666295374154502,1.0,1.0,0.5072529421593373,0.0,0.0,0.4551260588443907,1.0
1,1,1,4.0,0,2,81.8583,2,-1.7734612670109726,1.3963473174120886,0.0,1.0,0.32945315255386226,0.0,0.3333333333333333,0.6342812709470452,1.0
1,2,0,13.0,0,1,19.5,2,-1.4175827296655572,0.18950198587030678,0.5,0.0,0.36367660233837534,0.0,0.16666666666666666,0.5182236662660242,1.0
1,1,1,34.0,0,0,26.55,2,0.6021201112835268,0.49692991228751277,0.0,1.0,0.5579035407552049,0.0,0.0,0.5477878099218253,1.0
1,3,0,5.0,2,1,19.2583,0,-1.6737060878053673,0.1792830812058278,1.0,0.0,0.3390462187492944,0.25,0.16666666666666666,0.5172409540933649,0.0
1,1,1,52.0,0,0,30.5,2,1.5537650044440463,0.6510254473657964,0.0,1.0,0.6494195154377587,0.0,0.0,0.5626065760269885,1.0
0,2,1,36.0,1,2,27.75,2,0.734037551942624,0.5487655824546473,0.5,1.0,0.5705895260910279,0.125,0.3333333333333333,0.552772643984155,1.0
0,3,1,29.69911764705882,1,0,19.9667,2,0.0754209895566442,0.19461880183929753,1.0,1.0,0.5072529421593373,0.125,0.0,0.5187157304845567,1.0
0,1,1,30.0,0,0,27.75,0,0.36725763242455783,0.5487655824546473,0.0,1.0,0.5353177329359075,0.0,0.0,0.552772643984155,0.0
1,1,1,49.0,1,0,89.1042,0,1.3647084924885173,1.4863951676674676,0.0,1.0,0.6312386886545315,0.125,0.0,0.6429408212093506,0.0
0,3,1,29.69911764705882,0,0,8.05,2,0.0754209895566442,-0.5371234195074972,1.0,1.0,0.5072529421593373,0.0,0.0,0.4483469373725304,1.0
1,3,1,29.0,0,0,7.8958,0,-0.20230363460702494,-0.7439382596568463,1.0,1.0,0.4805452491360773,0.0,0.0,0.42845836148554584,0.0
0,1,1,65.0,0,0,26.55,2,2.3255966182826127,0.49692991228751277,0.0,1.0,0.7236435489390141,0.0,0.0,0.5477878099218253,1.0
1,1,0,29.69911764705882,1,0,51.8625,2,0.0754209895566442,0.9293544783208353,0.0,0.0,0.5072529421593373,0.125,0.0,0.5893723924921064,1.0
1,2,0,50.0,0,0,10.5,2,1.4314384013851016,-0.2694607398186383,0.5,0.0,0.6376558435166434,0.0,0.0,0.4740870124718861,1.0
0,3,1,29.69911764705882,0,0,7.75,1,0.0754209895566442,-1.0926463628659455,1.0,1.0,0.5072529421593373,0.0,0.0,0.39492446436253315,0.5
1,1,1,48.0,0,0,26.55,2,1.315396284740719,0.49692991228751277,0.0,1.0,0.6264965261228748,0.0,0.0,0.5477878099218253,1.0
0,3,1,34.0,0,0,8.05,2,0.6021201112835268,-0.5371234195074972,1.0,1.0,0.5579035407552049,0.0,0.0,0.4483469373725304,1.0
0,1,1,47.0,0,0,38.5,2,1.25793066169206,0.7990592239370422,0.0,1.0,0.6209702814681355,0.0,0.0,0.5768424064782658,1.0
0,2,1,48.0,0,0,13.0,2,1.315396284740719,-0.10821183727244707,0.5,1.0,0.6264965261228748,0.0,0.0,0.4895936900036676,1.0
0,3,1,29.69911764705882,0,0,8.05,2,0.0754209895566442,-0.5371234195074972,1.0,1.0,0.5072529421593373,0.0,0.0,0.4483469373725304,1.0
0,3,1,38.0,0,0,7.05,2,0.8259761252005041,-1.7982065083616912,1.0,1.0,0.5794308998041521,0.0,0.0,0.3270734992848313,1.0
0,2,1,29.69911764705882,0,0,0.0,2,0.0754209895566442,-5.199337582605575,0.5,1.0,0.5072529421593373,0.0,0.0,0.0,1.0
0,1,1,56.0,0,0,26.55,2,1.7382638748356656,0.49692991228751277,0.0,1.0,0.667162051622284,0.0,0.0,0.5477878099218253,1.0
0,3,1,29.69911764705882,0,0,7.725,1,0.0754209895566442,-1.2262279201804,1.0,1.0,0.5072529421593373,0.0,0.0,0.3820784474237508,0.5
1,3,0,0.75,2,1,19.2583,0,-2.7996951031596122,0.1792830812058278,1.0,0.0,0.2307642503779142,0.25,0.16666666666666666,0.5172409540933649,0.0
0,3,1,29.69911764705882,0,0,7.25,2,0.0754209895566442,-1.371109957500587,1.0,1.0,0.5072529421593373,0.0,0.0,0.36814570743360975,1.0
0,3,1,38.0,0,0,8.6625,2,0.8259761252005041,-0.4160755651955433,1.0,1.0,0.5794308998041521,0.0,0.0,0.4599876370181719,1.0
1,2,0,33.0,1,2,27.75,2,0.554614576450374,0.5487655824546473,0.5,0.0,0.5533351189055027,0.125,0.3333333333333333,0.552772643984155,1.0
1,2,0,23.0,0,0,13.7917,0,-0.6202850431124973,-0.03308442782187519,0.5,0.0,0.44034960864719086,0.0,0.0,0.496818399714882,0.0
0,3,0,22.0,0,0,9.8375,2,-0.6951298207741817,-0.32009541359694066,1.0,0.0,0.43315207853187637,0.0,0.0,0.46921767354424804,1.0
0,1,1,29.69911764705882,0,0,52.0,2,0.0754209895566442,0.9528198349421091,0.0,1.0,0.5072529421593373,0.0,0.0,0.5916289642426651,1.0
0,2,1,34.0,1,0,21.0,2,0.6021201112835268,0.23058751152675497,0.5,1.0,0.5579035407552049,0.125,0.0,0.5221747008933499,1.0
0,3,1,29.0,1,0,7.0458,2,-0.20230363460702494,-1.8521484932125114,1.0,1.0,0.4805452491360773,0.125,0.0,0.32188610916125326,1.0
0,3,1,22.0,0,0,7.5208,2,-0.6951298207741817,-1.29555775166771,1.0,1.0,0.43315207853187637,0.0,0.0,0.3754112681547415,1.0
1,3,0,2.0,0,1,12.2875,2,-2.0529218210912896,-0.19931683342712306,1.0,0.0,0.3025785219266238,0.0,0.16666666666666666,0.4808324781467369,1.0
0,3,1,9.0,5,2,46.9,2,-1.5130753466158227,0.883893869289034,1.0,1.0,0.35449345011636557,0.625,0.3333333333333333,0.5850006231744664,1.0
0,2,1,29.69911764705882,0,0,0.0,2,0.0754209895566442,-5.199337582605575,0.5,1.0,0.5072529421593373,0.0,0.0,0.0,1.0
0,3,1,50.0,0,0,8.05,2,1.4314384013851016,-0.5371234195074972,1.0,1.0,0.6376558435166434,0.0,0.0,0.4483469373725304,1.0
1,3,0,63.0,0,0,9.5875,2,2.161062172973128,-0.3298901506613844,1.0,0.0,0.7078209135846193,0.0,0.0,0.4682757519139696,1.0
1,1,1,25.0,1,0,91.0792,0,-0.45473680761048496,1.537183021001202,0.0,1.0,0.45626973624712763,0.125,0.0,0.6478248908169066,0.0
0,3,0,29.69911764705882,3,1,25.4667,2,0.0754209895566442,0.32459054780791363,1.0,0.0,0.5072529421593373,0.375,0.16666666666666666,0.5312146059569067,1.0
1,1,0,35.0,1,0,90.0,2,0.6634943012767216,1.5130753466158213,0.0,0.0,0.5638056570361273,0.125,0.0,0.6455065498742252,1.0
0,1,1,58.0,0,0,29.7,0,1.8375261172524597,0.6111773684342875,0.0,1.0,0.6767077140108874,0.0,0.0,0.558774541820896,0.0
0,3,1,30.0,0,0,8.05,2,0.36725763242455783,-0.5371234195074972,1.0,1.0,0.5353177329359075,0.0,0.0,0.4483469373725304,1.0
1,3,1,9.0,1,1,15.9,2,-1.5130753466158227,0.10511258447523804,1.0,1.0,0.35449345011636557,0.125,0.16666666666666666,0.5101082669431759,1.0
0,3,1,29.69911764705882,1,0,19.9667,2,0.0754209895566442,0.19461880183929753,1.0,1.0,0.5072529421593373,0.125,0.0,0.5187157304845567,1.0
0,3,1,21.0,0,0,7.25,2,-0.7911478565359643,-1.371109957500587,1.0,1.0,0.42391839883370597,0.0,0.0,0.36814570743360975,1.0
0,1,1,55.0,0,0,30.5,2,1.6851220586789428,0.6510254473657964,0.0,1.0,0.6620516105986034,0.0,0.0,0.5626065760269885,1.0
0,1,1,71.0,0,0,49.5042,0,2.7065957075613256,0.9064306020593624,0.0,1.0,0.7602827441462807,0.0,0.0,0.5871678927941112,0.0
0,3,1,21.0,0,0,8.05,2,-0.7911478565359643,-0.5371234195074972,1.0,1.0,0.42391839883370597,0.0,0.0,0.4483469373725304,1.0
0,3,1,29.69911764705882,0,0,14.4583,0,0.0754209895566442,0.0075350260349673305,1.0,1.0,0.5072529421593373,0.0,0.0,0.5007246140365249,0.0
1,1,0,54.0,1,0,78.2667,0,1.6342593330344206,1.3035567078976076,0.0,0.0,0.6571603408131788,0.125,0.0,0.6253579602329997,0.0
0,3,1,29.69911764705882,0,0,15.1,2,0.0754209895566442,0.041164565107425506,1.0,1.0,0.5072529421593373,0.0,0.0,0.5039586355380956,1.0
0,1,0,25.0,1,2,151.55,2,-0.45473680761048496,1.8799107653216565,0.0,0.0,0.45626973624712763,0.125,0.3333333333333333,0.6807836801695953,1.0
0,3,1,24.0,0,0,7.7958,2,-0.5429353022399479,-0.9178117400238891,1.0,1.0,0.44778803129651024,0.0,0.0,0.4117376275840675,1.0
0,3,1,17.0,0,0,8.6625,2,-1.1788021854537036,-0.4160755651955433,1.0,1.0,0.3866391952087103,0.0,0.0,0.4599876370181719,1.0
0,3,0,21.0,0,0,7.75,1,-0.7911478565359643,-1.0926463628659455,1.0,0.0,0.42391839883370597,0.0,0.0,0.39492446436253315,0.5
0,3,0,29.69911764705882,0,0,7.6292,1,0.0754209895566442,-1.2597471160685751,1.0,0.0,0.5072529421593373,0.0,0.0,0.3788550371954942,0.5
0,3,0,37.0,0,0,9.5875,2,0.791147856535964,-0.3298901506613844,1.0,0.0,0.5760816011568849,0.0,0.0,0.4682757519139696,1.0
1,1,0,16.0,0,0,86.5,2,-1.2690904173592292,1.4600054461545797,0.0,0.0,0.3779565283814268,0.0,0.0,0.6404030247022602,1.0
0,1,1,18.0,1,0,108.9,0,-1.0745748200036587,1.588273757582027,0.0,1.0,0.39666233409834095,0.125,0.0,0.6527380875240476,0.0
1,2,0,33.0,0,2,26.0,2,0.554614576450374,0.3888396207570238,0.5,0.0,0.5533351189055027,0.0,0.3333333333333333,0.5373931885097546,1.0
1,1,1,29.69911764705882,0,0,26.55,2,0.0754209895566442,0.49692991228751277,0.0,1.0,0.5072529421593373,0.0,0.0,0.5477878099218253,1.0
0,3,1,28.0,0,0,22.525,2,-0.2746734453469668,0.2635018379257432,1.0,1.0,0.4735857269287317,0.0,0.0,0.5253399431839058,1.0
1,3,1,26.0,0,0,56.4958,2,-0.39154994094607326,1.0437670357108404,1.0,1.0,0.4623461705678389,0.0,0.0,0.600375001533275,1.0
1,3,1,29.0,0,0,7.75,1,-0.20230363460702494,-1.0926463628659455,1.0,1.0,0.4805452491360773,0.0,0.0,0.39492446436253315,0.5
0,3,1,29.69911764705882,0,0,8.05,2,0.0754209895566442,-0.5371234195074972,1.0,1.0,0.5072529421593373,0.0,0.0,0.4483469373725304,1.0
1,1,1,36.0,0,0,26.2875,2,0.734037551942624,0.46590630887165724,0.0,1.0,0.5705895260910279,0.0,0.0,0.5448043910802258,1.0
1,1,0,54.0,1,0,59.4,0,1.6342593330344206,1.0928959300102643,0.0,0.0,0.6571603408131788,0.125,0.0,0.6050995355261555,0.0
0,3,1,24.0,0,0,7.4958,2,-0.5429353022399479,-1.3035567078976082,1.0,1.0,0.44778803129651024,0.0,0.0,0.37464203975759114,1.0
0,1,1,47.0,0,0,34.0208,2,1.25793066169206,0.7419996083329973,0.0,1.0,0.6209702814681355,0.0,0.0,0.5713552059746476,1.0
1,2,0,34.0,0,0,10.5,2,0.6021201112835268,-0.2694607398186383,0.5,0.0,0.5579035407552049,0.0,0.0,0.4740870124718861,1.0
0,3,1,29.69911764705882,0,0,24.15,1,0.0754209895566442,0.30611243798272164,1.0,1.0,0.5072529421593373,0.0,0.0,0.5294376382632878,0.5
1,2,0,36.0,1,0,26.0,2,0.734037551942624,0.3888396207570238,0.5,0.0,0.5705895260910279,0.125,0.0,0.5373931885097546,1.0
0,3,1,32.0,0,0,7.8958,2,0.4940901910401251,-0.7439382596568463,1.0,1.0,0.5475147250141573,0.0,0.0,0.42845836148554584,1.0
1,1,0,30.0,0,0,93.5,2,0.36725763242455783,1.5537650044440463,0.0,0.0,0.5353177329359075,0.0,0.0,0.6494195154377587,1.0
0,3,1,22.0,0,0,7.8958,2,-0.6951298207741817,-0.7439382596568463,1.0,1.0,0.43315207853187637,0.0,0.0,0.42845836148554584,1.0
0,3,1,29.69911764705882,0,0,7.225,0,0.0754209895566442,-1.597203104737417,1.0,1.0,0.5072529421593373,0.0,0.0,0.3464032120058173,0.0
1,1,0,44.0,0,1,57.9792,0,1.1110819741139204,1.0880951463467352,0.0,0.0,0.6068484163993966,0.0,0.16666666666666666,0.6046378629008248,0.0
0,3,1,29.69911764705882,0,0,7.2292,0,0.0754209895566442,-1.4822396003571403,1.0,1.0,0.5072529421593373,0.0,0.0,0.3574588034684496,0.0
0,3,1,40.5,0,0,7.75,1,0.968759234053376,-1.0926463628659455,1.0,1.0,0.5931617940366414,0.0,0.0,0.39492446436253315,0.5
1,2,0,50.0,0,0,10.5,2,1.4314384013851016,-0.2694607398186383,0.5,0.0,0.6376558435166434,0.0,0.0,0.4740870124718861,1.0
0,1,1,29.69911764705882,0,0,221.7792,2,0.0754209895566442,2.1293342401498627,0.0,1.0,0.5072529421593373,0.0,0.0,0.7047697621332196,1.0
0,3,1,39.0,0,0,7.925,2,0.8764940252602996,-0.6417398902624202,1.0,1.0,0.584289009059101,0.0,0.0,0.43828637974458046,1.0
0,2,1,23.0,2,1,11.5,2,-0.6202850431124973,-0.21256877768109023,0.5,1.0,0.44034960864719086,0.25,0.16666666666666666,0.4795580903960572,1.0
1,2,0,2.0,1,1,26.0,2,-2.0529218210912896,0.3888396207570238,0.5,0.0,0.3025785219266238,0.125,0.16666666666666666,0.5373931885097546,1.0
0,3,1,29.69911764705882,0,0,7.2292,0,0.0754209895566442,-1.4822396003571403,1.0,1.0,0.5072529421593373,0.0,0.0,0.3574588034684496,0.0
0,3,1,17.0,1,1,7.2292,0,-1.1788021854537036,-1.4822396003571403,1.0,1.0,0.3866391952087103,0.125,0.16666666666666666,0.3574588034684496,0.0
1,3,0,29.69911764705882,0,2,22.3583,0,0.0754209895566442,0.2616553404546165,1.0,0.0,0.5072529421593373,0.0,0.3333333333333333,0.5251623727298073,0.0
0,3,0,30.0,0,0,8.6625,2,0.36725763242455783,-0.4160755651955433,1.0,0.0,0.5353177329359075,0.0,0.0,0.4599876370181719,1.0
1,2,0,7.0,0,2,26.25,2,-1.606261649520609,0.44639683140136194,0.5,0.0,0.3455320871135414,0.0,0.3333333333333333,0.5429282407860633,1.0
0,1,1,45.0,0,0,26.55,2,1.168798140045392,0.49692991228751277,0.0,1.0,0.6123987547851958,0.0,0.0,0.5477878099218253,1.0
1,1,0,30.0,0,0,106.425,0,0.36725763242455783,1.5707855701965028,0.0,0.0,0.5353177329359075,0.0,0.0,0.6510563168073445,0.0
0,3,1,29.69911764705882,0,0,14.5,2,0.0754209895566442,0.022606789649600032,1.0,1.0,0.5072529421593373,0.0,0.0,0.5021740067115567,1.0
1,1,0,22.0,0,2,49.5,0,-0.6951298207741817,0.9063808693381122,0.0,0.0,0.43315207853187637,0.0,0.3333333333333333,0.5871631101924375,0.0
1,1,0,36.0,0,2,71.0,2,0.734037551942624,1.194033331812331,0.0,0.0,0.5705895260910279,0.0,0.3333333333333333,0.6148255246732606,1.0
0,3,0,9.0,4,2,31.275,2,-1.5130753466158227,0.6919353083649279,1.0,0.0,0.35449345011636557,0.5,0.3333333333333333,0.5665407176699173,1.0
0,3,0,11.0,4,2,31.275,2,-1.4527521379315984,0.6919353083649279,1.0,0.0,0.3602944976272512,0.5,0.3333333333333333,0.5665407176699173,1.0
1,2,1,32.0,1,0,26.0,2,0.4940901910401251,0.3888396207570238,0.5,1.0,0.5475147250141573,0.125,0.0,0.5373931885097546,1.0
0,1,1,50.0,1,0,106.425,0,1.4314384013851016,1.5707855701965028,0.0,1.0,0.6376558435166434,0.125,0.0,0.6510563168073445,0.0
0,1,1,64.0,0,0,26.0,2,2.2325982809999143,0.3888396207570238,0.0,1.0,0.7147002618563527,0.0,0.0,0.5373931885097546,1.0
1,2,0,19.0,1,0,26.0,2,-0.9567818903671269,0.3888396207570238,0.5,0.0,0.40799002034336385,0.125,0.0,0.5373931885097546,1.0
1,2,1,29.69911764705882,0,0,13.8625,0,0.0754209895566442,-0.029514107024002968,0.5,1.0,0.5072529421593373,0.0,0.0,0.4971617435294655,0.0
0,3,1,33.0,1,1,20.525,2,0.554614576450374,0.2125687776810898,1.0,1.0,0.5533351189055027,0.125,0.16666666666666666,0.5204419095945336,1.0
1,2,1,8.0,1,1,36.75,2,-1.5707855701965032,0.7842972180579082,0.5,1.0,0.34894368318324626,0.125,0.16666666666666666,0.575422801995535,1.0
1,1,1,17.0,0,2,110.8833,0,-1.1788021854537036,1.6247848191673457,0.0,1.0,0.3866391952087103,0.0,0.3333333333333333,0.656249213797818,0.0
0,2,1,27.0,0,0,26.0,2,-0.33785701481395763,0.3888396207570238,0.5,1.0,0.4675096096866259,0.0,0.0,0.5373931885097546,1.0
0,3,1,29.69911764705882,0,0,7.8292,1,0.0754209895566442,-0.8988407803955769,1.0,1.0,0.5072529421593373,0.0,0.0,0.4135619907194409,0.5
1,3,1,22.0,0,0,7.225,0,-0.6951298207741817,-1.597203104737417,1.0,1.0,0.43315207853187637,0.0,0.0,0.3464032120058173,0.0
1,3,0,22.0,0,0,7.775,2,-0.6951298207741817,-0.9727826798554204,1.0,0.0,0.43315207853187637,0.0,0.0,0.4064512868764628,1.0
0,1,1,62.0,0,0,26.55,2,2.0740340108423267,0.49692991228751277,0.0,1.0,0.6994517549420707,0.0,0.0,0.5477878099218253,1.0
1,1,0,48.0,1,0,39.6,0,1.315396284740719,0.8256583803599126,0.0,0.0,0.6264965261228748,0.125,0.0,0.5794003435231316,0.0
0,1,1,29.69911764705882,0,0,227.525,0,0.0754209895566442,2.196500880334908,0.0,1.0,0.5072529421593373,0.0,0.0,0.7112289157385866,0.0
1,1,0,39.0,1,1,79.65,2,0.8764940252602996,1.3647084924885173,0.0,0.0,0.584289009059101,0.125,0.16666666666666666,0.6312386886545315,1.0
1,3,0,36.0,1,0,17.4,2,0.734037551942624,0.14481175326078471,1.0,0.0,0.5705895260910279,0.125,0.0,0.5139259810417937,1.0
0,3,1,29.69911764705882,0,0,7.75,1,0.0754209895566442,-1.0926463628659455,1.0,1.0,0.5072529421593373,0.0,0.0,0.39492446436253315,0.5
0,3,1,40.0,0,0,7.8958,2,0.9332296620625783,-0.7439382596568463,1.0,1.0,0.5897450537859864,0.0,0.0,0.42845836148554584,1.0
0,2,1,28.0,0,0,13.5,2,-0.2746734453469668,-0.04019724786571764,0.5,1.0,0.4735857269287317,0.0,0.0,0.4961343875757615,1.0
0,3,1,29.69911764705882,0,0,8.05,2,0.0754209895566442,-0.5371234195074972,1.0,1.0,0.5072529421593373,0.0,0.0,0.4483469373725304,1.0
0,3,0,29.69911764705882,0,0,8.05,2,0.0754209895566442,-0.5371234195074972,1.0,0.0,0.5072529421593373,0.0,0.0,0.4483469373725304,1.0
0,3,1,24.0,2,0,24.15,2,-0.5429353022399479,0.30611243798272164,1.0,1.0,0.44778803129651024,0.25,0.0,0.5294376382632878,1.0
0,3,1,19.0,0,0,7.8958,2,-0.9567818903671269,-0.7439382596568463,1.0,1.0,0.40799002034336385,0.0,0.0,0.42845836148554584,1.0
0,3,0,29.0,0,4,21.075,2,-0.20230363460702494,0.24609173299677983,1.0,0.0,0.4805452491360773,0.0,0.6666666666666666,0.5236656813522597,1.0
0,3,1,29.69911764705882,0,0,7.2292,0,0.0754209895566442,-1.4822396003571403,1.0,1.0,0.5072529421593373,0.0,0.0,0.3574588034684496,0.0
1,3,1,32.0,0,0,7.8542,2,0.4940901910401251,-0.8654833564602948,1.0,1.0,0.5475147250141573,0.0,0.0,0.4167698439704556,1.0
1,2,1,62.0,0,0,10.5,2,2.0740340108423267,-0.2694607398186383,0.5,1.0,0.6994517549420707,0.0,0.0,0.4740870124718861,1.0
1,1,0,53.0,2,0,51.4792,2,1.5872689404862879,0.9266827586654364,0.0,0.0,0.6526414581861979,0.25,0.0,0.589115463641755,1.0
1,1,1,36.0,0,0,26.3875,2,0.734037551942624,0.46926005375420765,0.0,1.0,0.5705895260910279,0.0,0.0,0.5451269076344248,1.0
1,3,0,29.69911764705882,0,0,7.75,1,0.0754209895566442,-1.0926463628659455,1.0,0.0,0.5072529421593373,0.0,0.0,0.39492446436253315,0.5
0,3,1,16.0,0,0,8.05,2,-1.2690904173592292,-0.5371234195074972,1.0,1.0,0.3779565283814268,0.0,0.0,0.4483469373725304,1.0
0,3,1,19.0,0,0,14.5,2,-0.9567818903671269,0.022606789649600032,1.0,1.0,0.40799002034336385,0.0,0.0,0.5021740067115567,1.0
1,2,0,34.0,0,0,13.0,2,0.6021201112835268,-0.10821183727244707,0.5,0.0,0.5579035407552049,0.0,0.0,0.4895936900036676,1.0
1,1,0,39.0,1,0,55.9,2,0.8764940252602996,1.0212068454385403,0.0,0.0,0.584289009059101,0.125,0.0,0.5982054760972307,1.0
0,3,0,29.69911764705882,1,0,14.4583,0,0.0754209895566442,0.0075350260349673305,1.0,0.0,0.5072529421593373,0.125,0.0,0.5007246140365249,0.0
1,3,1,32.0,0,0,7.925,2,0.4940901910401251,-0.6417398902624202,1.0,1.0,0.5475147250141573,0.0,0.0,0.43828637974458046,1.0
1,2,0,25.0,1,1,30.0,2,-0.45473680761048496,0.6233323670442459,0.5,0.0,0.45626973624712763,0.125,0.16666666666666666,0.5599434405908574,1.0
1,1,0,39.0,1,1,110.8833,0,0.8764940252602996,1.6247848191673457,0.0,0.0,0.584289009059101,0.125,0.16666666666666666,0.656249213797818,0.0
0,2,1,54.0,0,0,26.0,2,1.6342593330344206,0.3888396207570238,0.5,1.0,0.6571603408131788,0.0,0.0,0.5373931885097546,1.0
0,1,1,36.0,0,0,40.125,0,0.734037551942624,0.8516018384869487,0.0,1.0,0.5705895260910279,0.0,0.0,0.5818952246223688,0.0
0,3,1,29.69911764705882,0,0,8.7125,0,0.0754209895566442,-0.39391477191896723,1.0,1.0,0.5072529421593373,0.0,0.0,0.4621187540041613,0.0
1,1,0,18.0,0,2,79.65,2,-1.0745748200036587,1.3647084924885173,0.0,0.0,0.39666233409834095,0.0,0.3333333333333333,0.6312386886545315,1.0
0,2,1,47.0,0,0,15.0,2,1.25793066169206,0.0367339653736778,0.5,1.0,0.6209702814681355,0.0,0.0,0.5035325620562997,1.0
1,1,1,60.0,1,1,79.2,0,1.9259692267525301,1.3396451999245262,0.0,1.0,0.6852129426187705,0.125,0.16666666666666666,0.6288284496418153,0.0
0,3,1,22.0,0,0,8.05,2,-0.6951298207741817,-0.5371234195074972,1.0,1.0,0.43315207853187637,0.0,0.0,0.4483469373725304,1.0
0,3,1,29.69911764705882,0,0,8.05,2,0.0754209895566442,-0.5371234195074972,1.0,1.0,0.5072529421593373,0.0,0.0,0.4483469373725304,1.0
0,3,1,35.0,0,0,7.125,2,0.6634943012767216,-1.7050969053330023,1.0,1.0,0.5638056570361273,0.0,0.0,0.3360274863599648,1.0
1,1,0,52.0,1,0,78.2667,0,1.5537650044440463,1.3035567078976076,0.0,0.0,0.6494195154377587,0.125,0.0,0.6253579602329997,0.0
0,3,1,47.0,0,0,7.25,2,1.25793066169206,-1.371109957500587,1.0,1.0,0.6209702814681355,0.0,0.0,0.36814570743360975,1.0
0,3,0,29.69911764705882,0,2,7.75,1,0.0754209895566442,-1.0926463628659455,1.0,0.0,0.5072529421593373,0.0,0.3333333333333333,0.39492446436253315,0.5
0,2,1,37.0,1,0,26.0,2,0.791147856535964,0.3888396207570238,0.5,1.0,0.5760816011568849,0.125,0.0,0.5373931885097546,1.0
0,3,1,36.0,1,1,24.15,2,0.734037551942624,0.30611243798272164,1.0,1.0,0.5705895260910279,0.125,0.16666666666666666,0.5294376382632878,1.0
1,2,0,29.69911764705882,0,0,33.0,2,0.0754209895566442,0.7307532889540126,0.5,0.0,0.5072529421593373,0.0,0.0,0.5702736913393502,1.0
0,3,1,49.0,0,0,0.0,2,1.3647084924885173,-5.199337582605575,1.0,1.0,0.6312386886545315,0.0,0.0,0.0,1.0
0,3,1,29.69911764705882,0,0,7.225,0,0.0754209895566442,-1.597203104737417,1.0,1.0,0.5072529421593373,0.0,0.0,0.3464032120058173,0.0
1,1,1,49.0,1,0,56.9292,0,1.3647084924885173,1.0689930498134619,0.0,1.0,0.6312386886545315,0.125,0.0,0.6028008888411869,0.0
1,2,0,24.0,2,1,27.0,2,-0.5429353022399479,0.522672174879164,0.5,0.0,0.44778803129651024,0.25,0.16666666666666666,0.55026334283178,1.0
0,3,1,29.69911764705882,0,0,7.8958,2,0.0754209895566442,-0.7439382596568463,1.0,1.0,0.5072529421593373,0.0,0.0,0.42845836148554584,1.0
0,1,1,29.69911764705882,0,0,42.4,2,0.0754209895566442,0.8694276610305791,0.0,1.0,0.5072529421593373,0.0,0.0,0.5836094643942868,1.0
0,3,1,44.0,0,0,8.05,2,1.1110819741139204,-0.5371234195074972,1.0,1.0,0.6068484163993966,0.0,0.0,0.4483469373725304,1.0
1,1,1,35.0,0,0,26.55,0,0.6634943012767216,0.49692991228751277,0.0,1.0,0.5638056570361273,0.0,0.0,0.5477878099218253,0.0
0,3,1,36.0,1,0,15.55,2,0.734037551942624,0.07984567322311799,1.0,1.0,0.5705895260910279,0.125,0.0,0.5076784467160365,1.0
0,3,1,30.0,0,0,7.8958,2,0.36725763242455783,-0.7439382596568463,1.0,1.0,0.5353177329359075,0.0,0.0,0.42845836148554584,1.0
1,1,1,27.0,0,0,30.5,2,-0.33785701481395763,0.6510254473657964,0.0,1.0,0.4675096096866259,0.0,0.0,0.5626065760269885,1.0
1,2,0,22.0,1,2,41.5792,0,-0.6951298207741817,0.8618363930960032,0.5,0.0,0.43315207853187637,0.125,0.3333333333333333,0.5828794417891092,0.0
1,1,0,40.0,0,0,153.4625,2,0.9332296620625783,1.9422717718724143,0.0,0.0,0.5897450537859864,0.0,0.0,0.6867806947468754,1.0
0,3,0,39.0,1,5,31.275,2,0.8764940252602996,0.6919353083649279,1.0,0.0,0.584289009059101,0.125,0.8333333333333333,0.5665407176699173,1.0
0,3,1,29.69911764705882,0,0,7.05,2,0.0754209895566442,-1.7982065083616912,1.0,1.0,0.5072529421593373,0.0,0.0,0.3270734992848313,1.0
1,3,0,29.69911764705882,1,0,15.5,1,0.0754209895566442,0.0703843144357313,1.0,0.0,0.5072529421593373,0.125,0.0,0.5067685847733391,0.5
0,3,1,29.69911764705882,0,0,7.75,1,0.0754209895566442,-1.0926463628659455,1.0,1.0,0.5072529421593373,0.0,0.0,0.39492446436253315,0.5
0,3,1,35.0,0,0,8.05,2,0.6634943012767216,-0.5371234195074972,1.0,1.0,0.5638056570361273,0.0,0.0,0.4483469373725304,1.0
1,2,0,24.0,1,2,65.0,2,-0.5429353022399479,1.1243573342343578,0.5,0.0,0.44778803129651024,0.125,0.3333333333333333,0.6081250559625522,1.0
0,3,1,34.0,1,1,14.4,2,0.6021201112835268,-0.01758246691901309,1.0,1.0,0.5579035407552049,0.125,0.16666666666666666,0.4983091627838716,1.0
0,3,0,26.0,1,0,16.1,2,-0.39154994094607326,0.12338326650744524,1.0,0.0,0.4623461705678389,0.125,0.0,0.5118652871156263,1.0
1,2,0,4.0,2,1,39.0,2,-1.7734612670109726,0.8084394051616052,0.5,0.0,0.32945315255386226,0.25,0.16666666666666666,0.5777444618916184,1.0
0,2,1,26.0,0,0,10.5,2,-0.39154994094607326,-0.2694607398186383,0.5,1.0,0.4623461705678389,0.0,0.0,0.4740870124718861,1.0
0,3,1,27.0,1,0,14.4542,0,-0.33785701481395763,-0.0050233242817423526,1.0,1.0,0.4675096096866259,0.125,0.0,0.49951692650738605,0.0
1,1,1,42.0,1,0,52.5542,2,1.026599226458071,0.9768219351382754,0.0,1.0,0.5987240403310208,0.125,0.0,0.5939371525276728,1.0
1,3,1,20.0,1,1,15.7417,0,-0.8728120489963159,0.08794141567163079,1.0,1.0,0.4160650722164084,0.125,0.16666666666666666,0.5084569826660315,0.0
0,3,1,21.0,0,0,7.8542,2,-0.7911478565359643,-0.8654833564602948,1.0,1.0,0.42391839883370597,0.0,0.0,0.4167698439704556,1.0
0,3,1,21.0,0,0,16.1,2,-0.7911478565359643,0.12338326650744524,1.0,1.0,0.42391839883370597,0.0,0.0,0.5118652871156263,1.0
0,1,1,61.0,0,0,32.3208,2,2.0132515139943474,0.7213263357242778,0.0,1.0,0.6936065394812824,0.0,0.0,0.5693671380448322,1.0
0,2,1,57.0,0,0,12.35,1,1.7734612670109724,-0.19461880183929783,0.5,1.0,0.6705468474367285,0.0,0.0,0.48128426950603415,0.5
1,1,0,21.0,0,0,77.9583,2,-0.7911478565359643,1.29189709019017,0.0,0.0,0.42391839883370597,0.0,0.0,0.624236700310742,1.0
0,3,1,26.0,0,0,7.8958,2,-0.39154994094607326,-0.7439382596568463,1.0,1.0,0.4623461705678389,0.0,0.0,0.42845836148554584,1.0
0,3,1,29.69911764705882,0,0,7.7333,1,0.0754209895566442,-1.20954663539958,1.0,1.0,0.5072529421593373,0.0,0.0,0.3836826214666587,0.5
1,1,1,80.0,0,0,30.0,2,5.19933758270342,0.6233323670442459,0.0,1.0,1.0,0.0,0.0,0.5599434405908574,1.0
0,3,1,51.0,0,0,7.0542,2,1.4974794951902488,-1.7488032342395483,1.0,1.0,0.6440067577201629,0.0,0.0,0.33182441931423634,1.0
1,1,1,32.0,0,0,30.5,0,0.4940901910401251,0.6510254473657964,0.0,1.0,0.5475147250141573,0.0,0.0,0.5626065760269885,0.0
0,1,1,29.69911764705882,0,0,0.0,2,0.0754209895566442,-5.199337582605575,0.0,1.0,0.5072529421593373,0.0,0.0,0.0,1.0
0,3,0,9.0,3,2,27.9,2,-1.5130753466158227,0.5634238615585514,1.0,0.0,0.35449345011636557,0.375,0.3333333333333333,0.5541822734678037,1.0
1,2,0,28.0,0,0,13.0,2,-0.2746734453469668,-0.10821183727244707,0.5,0.0,0.4735857269287317,0.0,0.0,0.4895936900036676,1.0
0,3,1,32.0,0,0,7.925,2,0.4940901910401251,-0.6417398902624202,1.0,1.0,0.5475147250141573,0.0,0.0,0.43828637974458046,1.0
0,2,1,31.0,1,1,26.25,2,0.43808778981833246,0.44639683140136194,0.5,1.0,0.5421291926909031,0.125,0.16666666666666666,0.5429282407860633,1.0
0,3,0,41.0,0,5,39.6875,2,0.984948642113066,0.8401904658733902,1.0,0.0,0.5947186662152916,0.0,0.8333333333333333,0.5807978374617785,1.0
0,3,1,29.69911764705882,1,0,16.1,2,0.0754209895566442,0.12338326650744524,1.0,1.0,0.5072529421593373,0.125,0.0,0.5118652871156263,1.0
0,3,1,20.0,0,0,7.8542,2,-0.8728120489963159,-0.8654833564602948,1.0,1.0,0.4160650722164084,0.0,0.0,0.4167698439704556,1.0
1,1,0,24.0,0,0,69.3,0,-0.5429353022399479,1.1442860901432388,0.0,0.0,0.44778803129651024,0.0,0.0,0.6100415266275235,0.0
0,3,0,2.0,3,2,27.9,2,-2.0529218210912896,0.5634238615585514,1.0,0.0,0.3025785219266238,0.375,0.3333333333333333,0.5541822734678037,1.0
1,3,1,29.69911764705882,0,0,56.4958,2,0.0754209895566442,1.0437670357108404,1.0,1.0,0.5072529421593373,0.0,0.0,0.600375001533275,1.0
1,3,0,0.75,2,1,19.2583,0,-2.7996951031596122,0.1792830812058278,1.0,0.0,0.2307642503779142,0.25,0.16666666666666666,0.5172409540933649,0.0
1,1,1,48.0,1,0,76.7292,0,1.315396284740719,1.25793066169206,0.0,1.0,0.6264965261228748,0.125,0.0,0.6209702814681355,0.0
0,3,1,19.0,0,0,7.8958,2,-0.9567818903671269,-0.7439382596568463,1.0,1.0,0.40799002034336385,0.0,0.0,0.42845836148554584,1.0
1,1,1,56.0,0,0,35.5,0,1.7382638748356656,0.7740896873917489,0.0,1.0,0.667162051622284,0.0,0.0,0.5744411836158962,0.0
0,3,1,29.69911764705882,0,0,7.55,2,0.0754209895566442,-1.2747300421310548,1.0,1.0,0.5072529421593373,0.0,0.0,0.37741418768108065,1.0
1,3,0,23.0,0,0,7.55,2,-0.6202850431124973,-1.2747300421310548,1.0,0.0,0.44034960864719086,0.0,0.0,0.37741418768108065,1.0
0,3,1,29.69911764705882,0,0,7.8958,2,0.0754209895566442,-0.7439382596568463,1.0,1.0,0.5072529421593373,0.0,0.0,0.42845836148554584,1.0
1,2,0,18.0,0,1,23.0,2,-1.0745748200036587,0.2720661684984033,0.5,0.0,0.39666233409834095,0.0,0.16666666666666666,0.5261635414246925,1.0
0,3,1,21.0,0,0,8.4333,2,-0.7911478565359643,-0.44845394244399356,1.0,1.0,0.42391839883370597,0.0,0.0,0.4568739348653758,1.0
1,3,0,29.69911764705882,0,0,7.8292,1,0.0754209895566442,-0.8988407803955769,1.0,0.0,0.5072529421593373,0.0,0.0,0.4135619907194409,0.5
0,3,0,18.0,0,0,6.75,1,-1.0745748200036587,-1.9461739846033677,1.0,0.0,0.39666233409834095,0.0,0.0,0.3128440446774492,0.5
0,2,1,24.0,2,0,73.5,2,-0.5429353022399479,1.2200527208659053,0.5,1.0,0.44778803129651024,0.25,0.0,0.6173277077533108,1.0
0,3,1,29.69911764705882,0,0,7.8958,2,0.0754209895566442,-0.7439382596568463,1.0,1.0,0.5072529421593373,0.0,0.0,0.42845836148554584,1.0
0,3,0,32.0,1,1,15.5,1,0.4940901910401251,0.0703843144357313,1.0,0.0,0.5475147250141573,0.125,0.16666666666666666,0.5067685847733391,0.5
0,2,1,23.0,0,0,13.0,2,-0.6202850431124973,-0.10821183727244707,0.5,1.0,0.44034960864719086,0.0,0.0,0.4895936900036676,1.0
0,1,1,58.0,0,2,113.275,0,1.8375261172524597,1.663600035701048,0.0,1.0,0.6767077140108874,0.0,0.3333333333333333,0.6599819216588341,0.0
1,1,1,50.0,2,0,133.65,2,1.4314384013851016,1.7487579198217498,0.0,1.0,0.6376558435166434,0.25,0.0,0.6681712229656771,1.0
0,3,1,40.0,0,0,7.225,0,0.9332296620625783,-1.597203104737417,1.0,1.0,0.5897450537859864,0.0,0.0,0.3464032120058173,0.0
0,1,1,47.0,0,0,25.5875,2,1.25793066169206,0.3314518795540841,0.0,1.0,0.6209702814681355,0.0,0.0,0.5318744334481107,1.0
0,3,1,36.0,0,0,7.4958,2,0.734037551942624,-1.3035567078976082,1.0,1.0,0.5705895260910279,0.0,0.0,0.37464203975759114,1.0
1,3,1,20.0,1,0,7.925,2,-0.8728120489963159,-0.6417398902624202,1.0,1.0,0.4160650722164084,0.125,0.0,0.43828637974458046,1.0
0,2,1,32.0,2,0,73.5,2,0.4940901910401251,1.2200527208659053,0.5,1.0,0.5475147250141573,0.25,0.0,0.6173277077533108,1.0
0,2,1,25.0,0,0,13.0,2,-0.45473680761048496,-0.10821183727244707,0.5,1.0,0.45626973624712763,0.0,0.0,0.4895936900036676,1.0
0,3,1,29.69911764705882,0,0,7.775,2,0.0754209895566442,-0.9727826798554204,1.0,1.0,0.5072529421593373,0.0,0.0,0.4064512868764628,1.0
0,3,1,43.0,0,0,8.05,2,1.0745748200036587,-0.5371234195074972,1.0,1.0,0.6033376658922499,0.0,0.0,0.4483469373725304,1.0
1,1,0,29.69911764705882,1,0,52.0,2,0.0754209895566442,0.9528198349421091,0.0,0.0,0.5072529421593373,0.125,0.0,0.5916289642426651,1.0
1,2,0,40.0,1,1,39.0,2,0.9332296620625783,0.8084394051616052,0.5,0.0,0.5897450537859864,0.125,0.16666666666666666,0.5777444618916184,1.0
0,1,1,31.0,1,0,52.0,2,0.43808778981833246,0.9528198349421091,0.0,1.0,0.5421291926909031,0.125,0.0,0.5916289642426651,1.0
0,2,1,70.0,0,0,10.5,2,2.5114377777532724,-0.2694607398186383,0.5,1.0,0.7415151678247202,0.0,0.0,0.4740870124718861,1.0
1,2,1,31.0,0,0,13.0,2,0.43808778981833246,-0.10821183727244707,0.5,1.0,0.5421291926909031,0.0,0.0,0.4895936900036676,1.0
0,2,1,29.69911764705882,0,0,0.0,2,0.0754209895566442,-5.199337582605575,0.5,1.0,0.5072529421593373,0.0,0.0,0.0,1.0
0,3,1,18.0,0,0,7.775,2,-1.0745748200036587,-0.9727826798554204,1.0,1.0,0.39666233409834095,0.0,0.0,0.4064512868764628,1.0
0,3,1,24.5,0,0,8.05,2,-0.492084191264803,-0.5371234195074972,1.0,1.0,0.45267818414451816,0.0,0.0,0.4483469373725304,1.0
1,3,0,18.0,0,0,9.8417,2,-1.0745748200036587,-0.31920195163628157,1.0,0.0,0.39666233409834095,0.0,0.0,0.4693035942934258,1.0
0,3,0,43.0,1,6,46.9,2,1.0745748200036587,0.883893869289034,1.0,0.0,0.6033376658922499,0.125,1.0,0.5850006231744664,1.0
1,1,1,36.0,0,1,512.3292,0,0.734037551942624,5.19933758270342,0.0,1.0,0.5705895260910279,0.0,0.16666666666666666,1.0,0.0
0,3,0,29.69911764705882,0,0,8.1375,1,0.0754209895566442,-0.4643984819863112,1.0,0.0,0.5072529421593373,0.0,0.0,0.45534061073621074,0.5
1,1,1,27.0,0,0,76.7292,0,-0.33785701481395763,1.25793066169206,0.0,1.0,0.4675096096866259,0.0,0.0,0.6209702814681355,0.0
0,3,1,20.0,0,0,9.225,2,-0.8728120489963159,-0.37797926891852907,1.0,1.0,0.4160650722164084,0.0,0.0,0.46365120912436747,1.0
0,3,1,14.0,5,2,46.9,2,-1.390659654897429,0.883893869289034,1.0,1.0,0.3662656893461075,0.625,0.3333333333333333,0.5850006231744664,1.0
0,2,1,60.0,1,1,39.0,2,1.9259692267525301,0.8084394051616052,0.5,1.0,0.6852129426187705,0.125,0.16666666666666666,0.5777444618916184,1.0
0,2,1,25.0,1,2,41.5792,0,-0.45473680761048496,0.8618363930960032,0.5,1.0,0.45626973624712763,0.125,0.3333333333333333,0.5828794417891092,0.0
0,3,1,14.0,4,1,39.6875,2,-1.390659654897429,0.8401904658733902,1.0,1.0,0.3662656893461075,0.5,0.16666666666666666,0.5807978374617785,1.0
0,3,1,19.0,0,0,10.1708,2,-0.9567818903671269,-0.31172680937824143,1.0,1.0,0.40799002034336385,0.0,0.0,0.47002244954558114,1.0
0,3,1,18.0,0,0,7.7958,2,-1.0745748200036587,-0.9178117400238891,1.0,1.0,0.39666233409834095,0.0,0.0,0.4117376275840675,1.0
1,1,0,15.0,0,1,211.3375,2,-1.345831967240049,2.0529218210912865,0.0,0.0,0.3705765930857424,0.0,0.16666666666666666,0.6974214780639667,1.0
1,1,1,31.0,1,0,57.0,2,0.43808778981833246,1.0721932420739684,0.0,1.0,0.5421291926909031,0.125,0.0,0.603108638839108,1.0
1,3,0,4.0,0,1,13.4167,0,-1.7734612670109726,-0.04779529257812179,1.0,0.0,0.32945315255386226,0.0,0.16666666666666666,0.49540371327431276,0.0
1,3,1,29.69911764705882,0,0,56.4958,2,0.0754209895566442,1.0437670357108404,1.0,1.0,0.5072529421593373,0.0,0.0,0.600375001533275,1.0
0,3,1,25.0,0,0,7.225,0,-0.45473680761048496,-1.597203104737417,1.0,1.0,0.45626973624712763,0.0,0.0,0.3464032120058173,0.0
0,1,1,60.0,0,0,26.55,2,1.9259692267525301,0.49692991228751277,0.0,1.0,0.6852129426187705,0.0,0.0,0.5477878099218253,1.0
0,2,1,52.0,0,0,13.5,2,1.5537650044440463,-0.04019724786571764,0.5,1.0,0.6494195154377587,0.0,0.0,0.4961343875757615,1.0
0,3,1,44.0,0,0,8.05,2,1.1110819741139204,-0.5371234195074972,1.0,1.0,0.6068484163993966,0.0,0.0,0.4483469373725304,1.0
1,3,0,29.69911764705882,0,0,7.7333,1,0.0754209895566442,-1.20954663539958,1.0,0.0,0.5072529421593373,0.0,0.0,0.3836826214666587,0.5
0,1,1,49.0,1,1,110.8833,0,1.3647084924885173,1.6247848191673457,0.0,1.0,0.6312386886545315,0.125,0.16666666666666666,0.656249213797818,0.0
0,3,1,42.0,0,0,7.65,2,1.026599226458071,-1.2469254072212976,1.0,1.0,0.5987240403310208,0.0,0.0,0.38008805088651243,1.0
1,1,0,18.0,1,0,227.525,0,-1.0745748200036587,2.196500880334908,0.0,0.0,0.39666233409834095,0.125,0.0,0.7112289157385866,0.0
1,1,1,35.0,0,0,26.2875,2,0.6634943012767216,0.46590630887165724,0.0,1.0,0.5638056570361273,0.0,0.0,0.5448043910802258,1.0
0,3,0,18.0,0,1,14.4542,0,-1.0745748200036587,-0.0050233242817423526,1.0,0.0,0.39666233409834095,0.0,0.16666666666666666,0.49951692650738605,0.0
0,3,1,25.0,0,0,7.7417,1,-0.45473680761048496,-1.1870224702456098,1.0,1.0,0.45626973624712763,0.0,0.0,0.3858486825076953,0.5
0,3,1,26.0,1,0,7.8542,2,-0.39154994094607326,-0.8654833564602948,1.0,1.0,0.4623461705678389,0.125,0.0,0.4167698439704556,1.0
0,2,1,39.0,0,0,26.0,2,0.8764940252602996,0.3888396207570238,0.5,1.0,0.584289009059101,0.0,0.0,0.5373931885097546,1.0
1,2,0,45.0,0,0,13.5,2,1.168798140045392,-0.04019724786571764,0.5,0.0,0.6123987547851958,0.0,0.0,0.4961343875757615,1.0
1,1,1,42.0,0,0,26.2875,2,1.026599226458071,0.46590630887165724,0.0,1.0,0.5987240403310208,0.0,0.0,0.5448043910802258,1.0
1,1,0,22.0,0,0,151.55,2,-0.6951298207741817,1.8799107653216565,0.0,0.0,0.43315207853187637,0.0,0.0,0.6807836801695953,1.0
1,3,1,29.69911764705882,1,1,15.2458,0,0.0754209895566442,0.05025417621651528,1.0,1.0,0.5072529421593373,0.125,0.16666666666666666,0.5048327479576674,0.0
1,1,0,24.0,0,0,49.5042,0,-0.5429353022399479,0.9064306020593624,0.0,0.0,0.44778803129651024,0.0,0.0,0.5871678927941112,0.0
0,1,1,29.69911764705882,0,0,26.55,2,0.0754209895566442,0.49692991228751277,0.0,1.0,0.5072529421593373,0.0,0.0,0.5477878099218253,1.0
1,1,1,48.0,1,0,52.0,2,1.315396284740719,0.9528198349421091,0.0,1.0,0.6264965261228748,0.125,0.0,0.5916289642426651,1.0
0,3,1,29.0,0,0,9.4833,2,-0.20230363460702494,-0.3621850723612242,1.0,1.0,0.4805452491360773,0.0,0.0,0.46517007535551924,1.0
0,2,1,52.0,0,0,13.0,2,1.5537650044440463,-0.10821183727244707,0.5,1.0,0.6494195154377587,0.0,0.0,0.4895936900036676,1.0
0,3,1,19.0,0,0,7.65,2,-0.9567818903671269,-1.2469254072212976,1.0,1.0,0.40799002034336385,0.0,0.0,0.38008805088651243,1.0
1,1,0,38.0,0,0,227.525,0,0.8259761252005041,2.196500880334908,0.0,0.0,0.5794308998041521,0.0,0.0,0.7112289157385866,0.0
1,2,0,27.0,0,0,10.5,2,-0.33785701481395763,-0.2694607398186383,0.5,0.0,0.4675096096866259,0.0,0.0,0.4740870124718861,1.0
0,3,1,29.69911764705882,0,0,15.5,1,0.0754209895566442,0.0703843144357313,1.0,1.0,0.5072529421593373,0.0,0.0,0.5067685847733391,0.5
0,3,1,33.0,0,0,7.775,2,0.554614576450374,-0.9727826798554204,1.0,1.0,0.5533351189055027,0.0,0.0,0.4064512868764628,1.0
1,2,0,6.0,0,1,33.0,2,-1.6438828622461814,0.7307532889540126,0.5,0.0,0.3419142019380259,0.0,0.16666666666666666,0.5702736913393502,1.0
0,3,1,17.0,1,0,7.0542,2,-1.1788021854537036,-1.7488032342395483,1.0,1.0,0.3866391952087103,0.125,0.0,0.33182441931423634,1.0
0,2,1,34.0,0,0,13.0,2,0.6021201112835268,-0.10821183727244707,0.5,1.0,0.5579035407552049,0.0,0.0,0.4895936900036676,1.0
0,2,1,50.0,0,0,13.0,2,1.4314384013851016,-0.10821183727244707,0.5,1.0,0.6376558435166434,0.0,0.0,0.4895936900036676,1.0
1,1,1,27.0,1,0,53.1,2,-0.33785701481395763,0.9890364862071737,0.0,1.0,0.4675096096866259,0.125,0.0,0.5951117782251508,1.0
0,3,1,20.0,0,0,8.6625,2,-0.8728120489963159,-0.4160755651955433,1.0,1.0,0.4160650722164084,0.0,0.0,0.4599876370181719,1.0
1,2,0,30.0,3,0,21.0,2,0.36725763242455783,0.23058751152675497,0.5,0.0,0.5353177329359075,0.375,0.0,0.5221747008933499,1.0
1,3,0,29.69911764705882,0,0,7.7375,1,0.0754209895566442,-1.1940333318123315,1.0,0.0,0.5072529421593373,0.0,0.0,0.38517447531733023,0.5
0,2,1,25.0,1,0,26.0,2,-0.45473680761048496,0.3888396207570238,0.5,1.0,0.45626973624712763,0.125,0.0,0.5373931885097546,1.0
0,3,0,25.0,1,0,7.925,2,-0.45473680761048496,-0.6417398902624202,1.0,0.0,0.45626973624712763,0.125,0.0,0.43828637974458046,1.0
1,1,0,29.0,0,0,211.3375,2,-0.20230363460702494,2.0529218210912865,0.0,0.0,0.4805452491360773,0.0,0.0,0.6974214780639667,1.0
0,3,1,11.0,0,0,18.7875,0,-1.4527521379315984,0.1692667166443553,1.0,1.0,0.3602944976272512,0.0,0.0,0.5162777194118078,0.0
0,2,1,29.69911764705882,0,0,0.0,2,0.0754209895566442,-5.199337582605575,0.5,1.0,0.5072529421593373,0.0,0.0,0.0,1.0
0,2,1,23.0,0,0,13.0,2,-0.6202850431124973,-0.10821183727244707,0.5,1.0,0.44034960864719086,0.0,0.0,0.4895936900036676,1.0
0,2,1,23.0,0,0,13.0,2,-0.6202850431124973,-0.10821183727244707,0.5,1.0,0.44034960864719086,0.0,0.0,0.4895936900036676,1.0
0,3,1,28.5,0,0,16.1,2,-0.23574924523258095,0.12338326650744524,1.0,1.0,0.4773289153152908,0.0,0.0,0.5118652871156263,1.0
0,3,0,48.0,1,3,34.375,2,1.315396284740719,0.7505794181100831,1.0,0.0,0.6264965261228748,0.125,0.5,0.5721802927901016,1.0
1,1,1,35.0,0,0,512.3292,0,0.6634943012767216,5.19933758270342,0.0,1.0,0.5638056570361273,0.0,0.0,1.0,0.0
0,3,1,29.69911764705882,0,0,7.8958,2,0.0754209895566442,-0.7439382596568463,1.0,1.0,0.5072529421593373,0.0,0.0,0.42845836148554584,1.0
0,3,1,29.69911764705882,0,0,7.8958,2,0.0754209895566442,-0.7439382596568463,1.0,1.0,0.5072529421593373,0.0,0.0,0.42845836148554584,1.0
1,1,1,29.69911764705882,0,0,30.0,2,0.0754209895566442,0.6233323670442459,0.0,1.0,0.5072529421593373,0.0,0.0,0.5599434405908574,1.0
0,1,1,36.0,1,0,78.85,2,0.734037551942624,1.315396284740719,0.0,1.0,0.5705895260910279,0.125,0.0,0.6264965261228748,1.0
1,1,0,21.0,2,2,262.375,0,-0.7911478565359643,2.408184785075522,0.0,0.0,0.42391839883370597,0.25,0.3333333333333333,0.7315857305611914,0.0
0,3,1,24.0,1,0,16.1,2,-0.5429353022399479,0.12338326650744524,1.0,1.0,0.44778803129651024,0.125,0.0,0.5118652871156263,1.0
1,3,1,31.0,0,0,7.925,2,0.43808778981833246,-0.6417398902624202,1.0,1.0,0.5421291926909031,0.0,0.0,0.43828637974458046,1.0
0,1,1,70.0,1,1,71.0,2,2.5114377777532724,1.194033331812331,0.0,1.0,0.7415151678247202,0.125,0.16666666666666666,0.6148255246732606,1.0
0,3,1,16.0,1,1,20.25,2,-1.2690904173592292,0.20486788035194237,1.0,1.0,0.3779565283814268,0.125,0.16666666666666666,0.5197013443584122,1.0
1,2,0,30.0,0,0,13.0,2,0.36725763242455783,-0.10821183727244707,0.5,0.0,0.5353177329359075,0.0,0.0,0.4895936900036676,1.0
0,1,1,19.0,1,0,53.1,2,-0.9567818903671269,0.9890364862071737,0.0,1.0,0.40799002034336385,0.125,0.0,0.5951117782251508,1.0
0,3,1,31.0,0,0,7.75,1,0.43808778981833246,-1.0926463628659455,1.0,1.0,0.5421291926909031,0.0,0.0,0.39492446436253315,0.5
1,2,0,4.0,1,1,23.0,2,-1.7734612670109726,0.2720661684984033,0.5,0.0,0.32945315255386226,0.125,0.16666666666666666,0.5261635414246925,1.0
1,3,1,6.0,0,1,12.475,2,-1.6438828622461814,-0.1818360110890942,1.0,1.0,0.3419142019380259,0.0,0.16666666666666666,0.4825135405955714,1.0
0,3,1,33.0,0,0,9.5,2,0.554614576450374,-0.34851305681638917,1.0,1.0,0.5533351189055027,0.0,0.0,0.4664848597225169,1.0
0,3,1,23.0,0,0,7.8958,2,-0.6202850431124973,-0.7439382596568463,1.0,1.0,0.44034960864719086,0.0,0.0,0.42845836148554584,1.0
1,2,0,48.0,1,2,65.0,2,1.315396284740719,1.1243573342343578,0.5,0.0,0.6264965261228748,0.125,0.3333333333333333,0.6081250559625522,1.0
1,2,1,0.67,1,1,14.5,2,-2.9474069335526396,0.022606789649600032,0.5,1.0,0.21655938023389737,0.125,0.16666666666666666,0.5021740067115567,1.0
0,3,1,28.0,0,0,7.7958,2,-0.2746734453469668,-0.9178117400238891,1.0,1.0,0.4735857269287317,0.0,0.0,0.4117376275840675,1.0
0,2,1,18.0,0,0,11.5,2,-1.0745748200036587,-0.21256877768109023,0.5,1.0,0.39666233409834095,0.0,0.0,0.4795580903960572,1.0
0,3,1,34.0,0,0,8.05,2,0.6021201112835268,-0.5371234195074972,1.0,1.0,0.5579035407552049,0.0,0.0,0.4483469373725304,1.0
1,1,0,33.0,0,0,86.5,2,0.554614576450374,1.4600054461545797,0.0,0.0,0.5533351189055027,0.0,0.0,0.6404030247022602,1.0
0,3,1,29.69911764705882,0,0,14.5,2,0.0754209895566442,0.022606789649600032,1.0,1.0,0.5072529421593373,0.0,0.0,0.5021740067115567,1.0
0,3,1,41.0,0,0,7.125,2,0.984948642113066,-1.7050969053330023,1.0,1.0,0.5947186662152916,0.0,0.0,0.3360274863599648,1.0
1,3,1,20.0,0,0,7.2292,0,-0.8728120489963159,-1.4822396003571403,1.0,1.0,0.4160650722164084,0.0,0.0,0.3574588034684496,0.0
1,1,0,36.0,1,2,120.0,2,0.734037551942624,1.7050969053330023,0.0,0.0,0.5705895260910279,0.125,0.3333333333333333,0.663972513630626,1.0
0,3,1,16.0,0,0,7.775,2,-1.2690904173592292,-0.9727826798554204,1.0,1.0,0.3779565283814268,0.0,0.0,0.4064512868764628,1.0
1,1,0,51.0,1,0,77.9583,2,1.4974794951902488,1.29189709019017,0.0,0.0,0.6440067577201629,0.125,0.0,0.624236700310742,1.0
0,1,1,29.69911764705882,0,0,39.6,0,0.0754209895566442,0.8256583803599126,0.0,1.0,0.5072529421593373,0.0,0.0,0.5794003435231316,0.0
0,3,0,30.5,0,0,7.75,1,0.41060427915774833,-1.0926463628659455,1.0,0.0,0.5394862107510237,0.0,0.0,0.39492446436253315,0.5
0,3,1,29.69911764705882,1,0,24.15,1,0.0754209895566442,0.30611243798272164,1.0,1.0,0.5072529421593373,0.125,0.0,0.5294376382632878,0.5
0,3,1,32.0,0,0,8.3625,2,0.4940901910401251,-0.45441196066658185,1.0,1.0,0.5475147250141573,0.0,0.0,0.45630097550970083,1.0
0,3,1,24.0,0,0,9.5,2,-0.5429353022399479,-0.34851305681638917,1.0,1.0,0.44778803129651024,0.0,0.0,0.4664848597225169,1.0
0,3,1,48.0,0,0,7.8542,2,1.315396284740719,-0.8654833564602948,1.0,1.0,0.6264965261228748,0.0,0.0,0.4167698439704556,1.0
0,2,0,57.0,0,0,10.5,2,1.7734612670109724,-0.2694607398186383,0.5,0.0,0.6705468474367285,0.0,0.0,0.4740870124718861,1.0
0,3,1,29.69911764705882,0,0,7.225,0,0.0754209895566442,-1.597203104737417,1.0,1.0,0.5072529421593373,0.0,0.0,0.3464032120058173,0.0
1,2,0,54.0,1,3,23.0,2,1.6342593330344206,0.2720661684984033,0.5,0.0,0.6571603408131788,0.125,0.5,0.5261635414246925,1.0
0,3,1,18.0,0,0,7.75,2,-1.0745748200036587,-1.0926463628659455,1.0,1.0,0.39666233409834095,0.0,0.0,0.39492446436253315,1.0
0,3,1,29.69911764705882,0,0,7.75,1,0.0754209895566442,-1.0926463628659455,1.0,1.0,0.5072529421593373,0.0,0.0,0.39492446436253315,0.5
1,3,0,5.0,0,0,12.475,2,-1.6737060878053673,-0.1818360110890942,1.0,0.0,0.3390462187492944,0.0,0.0,0.4825135405955714,1.0
0,3,1,29.69911764705882,0,0,7.7375,1,0.0754209895566442,-1.1940333318123315,1.0,1.0,0.5072529421593373,0.0,0.0,0.38517447531733023,0.5
1,1,0,43.0,0,1,211.3375,2,1.0745748200036587,2.0529218210912865,0.0,0.0,0.6033376658922499,0.0,0.16666666666666666,0.6974214780639667,1.0
1,3,0,13.0,0,0,7.2292,0,-1.4175827296655572,-1.4822396003571403,1.0,0.0,0.36367660233837534,0.0,0.0,0.3574588034684496,0.0
1,1,0,17.0,1,0,57.0,2,-1.1788021854537036,1.0721932420739684,0.0,0.0,0.3866391952087103,0.125,0.0,0.603108638839108,1.0
0,1,1,29.0,0,0,30.0,2,-0.20230363460702494,0.6233323670442459,0.0,1.0,0.4805452491360773,0.0,0.0,0.5599434405908574,1.0
0,3,1,29.69911764705882,1,2,23.45,2,0.0754209895566442,0.28773826852613255,1.0,1.0,0.5072529421593373,0.125,0.3333333333333333,0.5276706661091919,1.0
0,3,1,25.0,0,0,7.05,2,-0.45473680761048496,-1.7982065083616912,1.0,1.0,0.45626973624712763,0.0,0.0,0.3270734992848313,1.0
0,3,1,25.0,0,0,7.25,2,-0.45473680761048496,-1.371109957500587,1.0,1.0,0.45626973624712763,0.0,0.0,0.36814570743360975,1.0
1,3,0,18.0,0,0,7.4958,2,-1.0745748200036587,-1.3035567078976082,1.0,0.0,0.39666233409834095,0.0,0.0,0.37464203975759114,1.0
0,3,1,8.0,4,1,29.125,1,-1.5707855701965032,0.5961093109897605,1.0,1.0,0.34894368318324626,0.5,0.16666666666666666,0.5573255055537766,0.5
1,3,1,1.0,1,2,20.575,2,-2.2896073562427874,0.22028230201106094,1.0,1.0,0.27981739789987237,0.125,0.3333333333333333,0.5211836891200355,1.0
0,1,1,46.0,0,0,79.2,0,1.2200527208659053,1.3396451999245262,0.0,1.0,0.6173277077533108,0.0,0.0,0.6288284496418153,0.0
0,3,1,29.69911764705882,0,0,7.75,1,0.0754209895566442,-1.0926463628659455,1.0,1.0,0.5072529421593373,0.0,0.0,0.39492446436253315,0.5
0,2,1,16.0,0,0,26.0,2,-1.2690904173592292,0.3888396207570238,0.5,1.0,0.3779565283814268,0.0,0.0,0.5373931885097546,1.0
0,3,0,29.69911764705882,8,2,69.55,2,0.0754209895566442,1.168798140045392,1.0,0.0,0.5072529421593373,1.0,0.3333333333333333,0.6123987547851958,1.0
0,1,1,29.69911764705882,0,0,30.6958,0,0.0754209895566442,0.6638052327696536,0.0,1.0,0.5072529421593373,0.0,0.0,0.5638355581040989,0.0
0,3,1,25.0,0,0,7.8958,2,-0.45473680761048496,-0.7439382596568463,1.0,1.0,0.45626973624712763,0.0,0.0,0.42845836148554584,1.0
0,2,1,39.0,0,0,13.0,2,0.8764940252602996,-0.10821183727244707,0.5,1.0,0.584289009059101,0.0,0.0,0.4895936900036676,1.0
1,1,0,49.0,0,0,25.9292,2,1.3647084924885173,0.3405173836541525,0.0,0.0,0.6312386886545315,0.0,0.0,0.5327462275907253,1.0
1,3,0,31.0,0,0,8.6833,2,0.43808778981833246,-0.3966469910364971,1.0,0.0,0.5421291926909031,0.0,0.0,0.46185600715669317,1.0
0,3,1,30.0,0,0,7.2292,0,0.36725763242455783,-1.4822396003571403,1.0,1.0,0.5353177329359075,0.0,0.0,0.3574588034684496,0.0
0,3,0,30.0,1,1,24.15,2,0.36725763242455783,0.30611243798272164,1.0,0.0,0.5353177329359075,0.125,0.16666666666666666,0.5294376382632878,1.0
0,2,1,34.0,0,0,13.0,2,0.6021201112835268,-0.10821183727244707,0.5,1.0,0.5579035407552049,0.0,0.0,0.4895936900036676,1.0
1,2,0,31.0,1,1,26.25,2,0.43808778981833246,0.44639683140136194,0.5,0.0,0.5421291926909031,0.125,0.16666666666666666,0.5429282407860633,1.0
1,1,1,11.0,1,2,120.0,2,-1.4527521379315984,1.7050969053330023,0.0,1.0,0.3602944976272512,0.125,0.3333333333333333,0.663972513630626,1.0
1,3,1,0.42,0,1,8.5167,0,-5.199337582605575,-0.4426747601290739,1.0,1.0,0.0,0.0,0.16666666666666666,0.45742969626988617,0.0
1,3,1,27.0,0,0,6.975,2,-0.33785701481395763,-1.8799107653216574,1.0,1.0,0.4675096096866259,0.0,0.0,0.3192163198209954,1.0
0,3,1,31.0,0,0,7.775,2,0.43808778981833246,-0.9727826798554204,1.0,1.0,0.5421291926909031,0.0,0.0,0.4064512868764628,1.0
0,1,1,39.0,0,0,0.0,2,0.8764940252602996,-5.199337582605575,0.0,1.0,0.584289009059101,0.0,0.0,0.0,1.0
0,3,0,18.0,0,0,7.775,2,-1.0745748200036587,-0.9727826798554204,1.0,0.0,0.39666233409834095,0.0,0.0,0.4064512868764628,1.0
0,2,1,39.0,0,0,13.0,2,0.8764940252602996,-0.10821183727244707,0.5,1.0,0.584289009059101,0.0,0.0,0.4895936900036676,1.0
1,1,0,33.0,1,0,53.1,2,0.554614576450374,0.9890364862071737,0.0,0.0,0.5533351189055027,0.125,0.0,0.5951117782251508,1.0
0,3,1,26.0,0,0,7.8875,2,-0.39154994094607326,-0.8173422083238457,1.0,1.0,0.4623461705678389,0.0,0.0,0.4213993902704547,1.0
0,3,1,39.0,0,0,24.15,2,0.8764940252602996,0.30611243798272164,1.0,1.0,0.584289009059101,0.0,0.0,0.5294376382632878,1.0
0,2,1,35.0,0,0,10.5,2,0.6634943012767216,-0.2694607398186383,0.5,1.0,0.5638056570361273,0.0,0.0,0.4740870124718861,1.0
0,3,0,6.0,4,2,31.275,2,-1.6438828622461814,0.6919353083649279,1.0,0.0,0.3419142019380259,0.5,0.3333333333333333,0.5665407176699173,1.0
0,3,1,30.5,0,0,8.05,2,0.41060427915774833,-0.5371234195074972,1.0,1.0,0.5394862107510237,0.0,0.0,0.4483469373725304,1.0
0,1,1,29.69911764705882,0,0,0.0,2,0.0754209895566442,-5.199337582605575,0.0,1.0,0.5072529421593373,0.0,0.0,0.0,1.0
0,3,0,23.0,0,0,7.925,2,-0.6202850431124973,-0.6417398902624202,1.0,0.0,0.44034960864719086,0.0,0.0,0.43828637974458046,1.0
0,2,1,31.0,1,1,37.0042,0,0.43808778981833246,0.791147856535964,0.5,1.0,0.5421291926909031,0.125,0.16666666666666666,0.5760816011568849,0.0
0,3,1,43.0,0,0,6.45,2,1.0745748200036587,-2.028135903240795,1.0,1.0,0.6033376658922499,0.0,0.0,0.3049620868958598,1.0
0,3,1,10.0,3,2,27.9,2,-1.4747470516619192,0.5634238615585514,1.0,1.0,0.3581793326297236,0.375,0.3333333333333333,0.5541822734678037,1.0
1,1,0,52.0,1,1,93.5,2,1.5537650044440463,1.5537650044440463,0.0,0.0,0.6494195154377587,0.125,0.16666666666666666,0.6494195154377587,1.0
1,3,1,27.0,0,0,8.6625,2,-0.33785701481395763,-0.4160755651955433,1.0,1.0,0.4675096096866259,0.0,0.0,0.4599876370181719,1.0
0,1,1,38.0,0,0,0.0,2,0.8259761252005041,-5.199337582605575,0.0,1.0,0.5794308998041521,0.0,0.0,0.0,1.0
1,3,0,27.0,0,1,12.475,2,-0.33785701481395763,-0.1818360110890942,1.0,0.0,0.4675096096866259,0.0,0.16666666666666666,0.4825135405955714,1.0
0,3,1,2.0,4,1,39.6875,2,-2.0529218210912896,0.8401904658733902,1.0,1.0,0.3025785219266238,0.5,0.16666666666666666,0.5807978374617785,1.0
0,3,1,29.69911764705882,0,0,6.95,1,0.0754209895566442,-1.907079739024738,1.0,1.0,0.5072529421593373,0.0,0.0,0.31660358567254165,0.5
0,3,1,29.69911764705882,0,0,56.4958,2,0.0754209895566442,1.0437670357108404,1.0,1.0,0.5072529421593373,0.0,0.0,0.600375001533275,1.0
1,2,1,1.0,0,2,37.0042,0,-2.2896073562427874,0.791147856535964,0.5,1.0,0.27981739789987237,0.0,0.3333333333333333,0.5760816011568849,0.0
1,3,1,29.69911764705882,0,0,7.75,1,0.0754209895566442,-1.0926463628659455,1.0,1.0,0.5072529421593373,0.0,0.0,0.39492446436253315,0.5
1,1,0,62.0,0,0,80.0,2,2.0740340108423267,1.3775681073731048,0.0,0.0,0.6994517549420707,0.0,0.0,0.6324753476211937,1.0
1,3,0,15.0,1,0,14.4542,0,-1.345831967240049,-0.0050233242817423526,1.0,0.0,0.3705765930857424,0.125,0.0,0.49951692650738605,0.0
1,2,1,0.83,1,1,18.75,2,-2.5719459183625393,0.1639894120175418,0.5,1.0,0.25266600047362514,0.125,0.16666666666666666,0.515770221625511,1.0
0,3,1,29.69911764705882,0,0,7.2292,0,0.0754209895566442,-1.4822396003571403,1.0,1.0,0.5072529421593373,0.0,0.0,0.3574588034684496,0.0
0,3,1,23.0,0,0,7.8542,2,-0.6202850431124973,-0.8654833564602948,1.0,1.0,0.44034960864719086,0.0,0.0,0.4167698439704556,1.0
0,3,1,18.0,0,0,8.3,2,-1.0745748200036587,-0.4565673421003538,1.0,1.0,0.39666233409834095,0.0,0.0,0.45609370089062606,1.0
1,1,0,39.0,1,1,83.1583,0,0.8764940252602996,1.4175827296655563,0.0,0.0,0.584289009059101,0.125,0.16666666666666666,0.6363233976522155,0.0
0,3,1,21.0,0,0,8.6625,2,-0.7911478565359643,-0.4160755651955433,1.0,1.0,0.42391839883370597,0.0,0.0,0.4599876370181719,1.0
0,3,1,29.69911764705882,0,0,8.05,2,0.0754209895566442,-0.5371234195074972,1.0,1.0,0.5072529421593373,0.0,0.0,0.4483469373725304,1.0
1,3,1,32.0,0,0,56.4958,2,0.4940901910401251,1.0437670357108404,1.0,1.0,0.5475147250141573,0.0,0.0,0.600375001533275,1.0
1,1,1,29.69911764705882,0,0,29.7,0,0.0754209895566442,0.6111773684342875,0.0,1.0,0.5072529421593373,0.0,0.0,0.558774541820896,0.0
0,3,1,20.0,0,0,7.925,2,-0.8728120489963159,-0.6417398902624202,1.0,1.0,0.4160650722164084,0.0,0.0,0.43828637974458046,1.0
0,2,1,16.0,0,0,10.5,2,-1.2690904173592292,-0.2694607398186383,0.5,1.0,0.3779565283814268,0.0,0.0,0.4740870124718861,1.0
1,1,0,30.0,0,0,31.0,0,0.36725763242455783,0.6729140015021156,0.0,0.0,0.5353177329359075,0.0,0.0,0.5647115128375297,0.0
0,3,1,34.5,0,0,6.4375,0,0.6312895466103575,-2.0348413248810546,1.0,1.0,0.5607086514893244,0.0,0.0,0.3043172526709549,0.0
0,3,1,17.0,0,0,8.6625,2,-1.1788021854537036,-0.4160755651955433,1.0,1.0,0.3866391952087103,0.0,0.0,0.4599876370181719,1.0
0,3,1,42.0,0,0,7.55,2,1.026599226458071,-1.2747300421310548,1.0,1.0,0.5987240403310208,0.0,0.0,0.37741418768108065,1.0
0,3,1,29.69911764705882,8,2,69.55,2,0.0754209895566442,1.168798140045392,1.0,1.0,0.5072529421593373,1.0,0.3333333333333333,0.6123987547851958,1.0
0,3,1,35.0,0,0,7.8958,0,0.6634943012767216,-0.7439382596568463,1.0,1.0,0.5638056570361273,0.0,0.0,0.42845836148554584,0.0
0,2,1,28.0,0,1,33.0,2,-0.2746734453469668,0.7307532889540126,0.5,1.0,0.4735857269287317,0.0,0.16666666666666666,0.5702736913393502,1.0
1,1,0,29.69911764705882,1,0,89.1042,0,0.0754209895566442,1.4863951676674676,0.0,0.0,0.5072529421593373,0.125,0.0,0.6429408212093506,0.0
0,3,1,4.0,4,2,31.275,2,-1.7734612670109726,0.6919353083649279,1.0,1.0,0.32945315255386226,0.5,0.3333333333333333,0.5665407176699173,1.0
0,3,1,74.0,0,0,7.775,2,2.98028856620417,-0.9727826798554204,1.0,1.0,0.7866027180171744,0.0,0.0,0.4064512868764628,1.0
0,3,0,9.0,1,1,15.2458,0,-1.5130753466158227,0.05025417621651528,1.0,0.0,0.35449345011636557,0.125,0.16666666666666666,0.5048327479576674,0.0
1,1,0,16.0,0,1,39.4,2,-1.2690904173592292,0.8180350673721508,0.0,0.0,0.3779565283814268,0.0,0.16666666666666666,0.5786672392702751,1.0
0,2,0,44.0,1,0,26.0,2,1.1110819741139204,0.3888396207570238,0.5,0.0,0.6068484163993966,0.125,0.0,0.5373931885097546,1.0
1,3,0,18.0,0,1,9.35,2,-1.0745748200036587,-0.37051682527801727,1.0,0.0,0.39666233409834095,0.0,0.16666666666666666,0.46436884320004346,1.0
1,1,0,45.0,1,1,164.8667,2,1.168798140045392,1.9838719402286862,0.0,0.0,0.6123987547851958,0.125,0.16666666666666666,0.6907812205537641,1.0
1,1,1,51.0,0,0,26.55,2,1.4974794951902488,0.49692991228751277,0.0,1.0,0.6440067577201629,0.0,0.0,0.5477878099218253,1.0
1,3,0,24.0,0,3,19.2583,0,-0.5429353022399479,0.1792830812058278,1.0,0.0,0.44778803129651024,0.0,0.5,0.5172409540933649,0.0
0,3,1,29.69911764705882,0,0,7.2292,0,0.0754209895566442,-1.4822396003571403,1.0,1.0,0.5072529421593373,0.0,0.0,0.3574588034684496,0.0
0,3,1,41.0,2,0,14.1083,2,0.984948642113066,-0.022558655370364347,1.0,1.0,0.5947186662152916,0.25,0.0,0.49783062216477886,1.0
0,2,1,21.0,1,0,11.5,2,-0.7911478565359643,-0.21256877768109023,0.5,1.0,0.42391839883370597,0.125,0.0,0.4795580903960572,1.0
1,1,0,48.0,0,0,25.9292,2,1.315396284740719,0.3405173836541525,0.0,0.0,0.6264965261228748,0.0,0.0,0.5327462275907253,1.0
0,3,0,29.69911764705882,8,2,69.55,2,0.0754209895566442,1.168798140045392,1.0,0.0,0.5072529421593373,1.0,0.3333333333333333,0.6123987547851958,1.0
0,2,1,24.0,0,0,13.0,2,-0.5429353022399479,-0.10821183727244707,0.5,1.0,0.44778803129651024,0.0,0.0,0.4895936900036676,1.0
1,2,0,42.0,0,0,13.0,2,1.026599226458071,-0.10821183727244707,0.5,0.0,0.5987240403310208,0.0,0.0,0.4895936900036676,1.0
1,2,0,27.0,1,0,13.8583,0,-0.33785701481395763,-0.029816140241715642,0.5,0.0,0.4675096096866259,0.125,0.0,0.4971326981738879,0.0
0,1,1,31.0,0,0,50.4958,2,0.43808778981833246,0.9196884454470607,0.0,1.0,0.5421291926909031,0.0,0.0,0.588442847841455,1.0
0,3,1,29.69911764705882,0,0,9.5,2,0.0754209895566442,-0.34851305681638917,1.0,1.0,0.5072529421593373,0.0,0.0,0.4664848597225169,1.0
1,3,1,4.0,1,1,11.1333,2,-1.7734612670109726,-0.22543191421592446,1.0,1.0,0.32945315255386226,0.125,0.16666666666666666,0.4783210927660373,1.0
0,3,1,26.0,0,0,7.8958,2,-0.39154994094607326,-0.7439382596568463,1.0,1.0,0.4623461705678389,0.0,0.0,0.42845836148554584,1.0
1,1,0,47.0,1,1,52.5542,2,1.25793066169206,0.9768219351382754,0.0,0.0,0.6209702814681355,0.125,0.16666666666666666,0.5939371525276728,1.0
0,1,1,33.0,0,0,5.0,2,0.554614576450374,-2.0968447014945504,0.0,1.0,0.5533351189055027,0.0,0.0,0.2983546299687529,1.0
0,3,1,47.0,0,0,9.0,2,1.25793066169206,-0.384584697574049,1.0,1.0,0.6209702814681355,0.0,0.0,0.46301599083448797,1.0
1,2,0,28.0,1,0,24.0,0,-0.2746734453469668,0.29297785546080574,0.5,0.0,0.4735857269287317,0.125,0.0,0.5281745367322644,0.0
1,3,0,15.0,0,0,7.225,0,-1.345831967240049,-1.597203104737417,1.0,0.0,0.3705765930857424,0.0,0.0,0.3464032120058173,0.0
0,3,1,20.0,0,0,9.8458,2,-0.8728120489963159,-0.31899948884757184,1.0,1.0,0.4160650722164084,0.0,0.0,0.46932306434951376,1.0
0,3,1,19.0,0,0,7.8958,2,-0.9567818903671269,-0.7439382596568463,1.0,1.0,0.40799002034336385,0.0,0.0,0.42845836148554584,1.0
0,3,1,29.69911764705882,0,0,7.8958,2,0.0754209895566442,-0.7439382596568463,1.0,1.0,0.5072529421593373,0.0,0.0,0.42845836148554584,1.0
1,1,0,56.0,0,1,83.1583,0,1.7382638748356656,1.4175827296655563,0.0,0.0,0.667162051622284,0.0,0.16666666666666666,0.6363233976522155,0.0
1,2,0,25.0,0,1,26.0,2,-0.45473680761048496,0.3888396207570238,0.5,0.0,0.45626973624712763,0.0,0.16666666666666666,0.5373931885097546,1.0
0,3,1,33.0,0,0,7.8958,2,0.554614576450374,-0.7439382596568463,1.0,1.0,0.5533351189055027,0.0,0.0,0.42845836148554584,1.0
0,3,0,22.0,0,0,10.5167,2,-0.6951298207741817,-0.23559929603889784,1.0,0.0,0.43315207853187637,0.0,0.0,0.47734333534392903,1.0
0,2,1,28.0,0,0,10.5,2,-0.2746734453469668,-0.2694607398186383,0.5,1.0,0.4735857269287317,0.0,0.0,0.4740870124718861,1.0
0,3,1,25.0,0,0,7.05,2,-0.45473680761048496,-1.7982065083616912,1.0,1.0,0.45626973624712763,0.0,0.0,0.3270734992848313,1.0
0,3,0,39.0,0,5,29.125,1,0.8764940252602996,0.5961093109897605,1.0,0.0,0.584289009059101,0.0,0.8333333333333333,0.5573255055537766,0.5
0,2,1,27.0,0,0,13.0,2,-0.33785701481395763,-0.10821183727244707,0.5,1.0,0.4675096096866259,0.0,0.0,0.4895936900036676,1.0
1,1,0,19.0,0,0,30.0,2,-0.9567818903671269,0.6233323670442459,0.0,0.0,0.40799002034336385,0.0,0.0,0.5599434405908574,1.0
0,3,0,29.69911764705882,1,2,23.45,2,0.0754209895566442,0.28773826852613255,1.0,0.0,0.5072529421593373,0.125,0.3333333333333333,0.5276706661091919,1.0
1,1,1,26.0,0,0,30.0,0,-0.39154994094607326,0.6233323670442459,0.0,1.0,0.4623461705678389,0.0,0.0,0.5599434405908574,0.0
0,3,1,32.0,0,0,7.75,1,0.4940901910401251,-1.0926463628659455,1.0,1.0,0.5475147250141573,0.0,0.0,0.39492446436253315,0.5
